sequence,class
RRRRRRRGGIYLATALAKWALKQGF,CPP
IYLATALAKWALKQGFGGRRRRRRR,CPP
RRRRRRRGGIYLATALAKWALKQ,CPP
IYLATALAKWALKQGGRRRRRRR,CPP
RRRRRRRGGKLAKLAKKLAKLAK,CPP
RWRWRWRW,CPP
KKALLAHALHLLALLALHLAHALKKA,CPP
KAFAKLAARLYRKALARQLGVAA,CPP
GSRVQIRCRFRNSTR,CPP
GRKKRRQRRRPQ,CPP
CRNGRGPDC,CPP
CNGRC,CPP
CRGDC,CPP
NYRWRCKNQN,CPP
NYRRRCKNQN,CPP
YRWRCKNQN,CPP
YRWRCKNQ,CPP
RWRCKNQN,CPP
GRKKRRQRRRP,CPP
KLAKLAKKLAKLAKGRKKRRQRRRP,CPP
KLAKLAKKLAKLAKNYRWRCKNQN,CPP
NHQQQNPHQPPM,CPP
LLIILRRRIRKQAHAHSKNHQQQNPHQPPM,CPP
NHQQQNPHQPPMLLIILRRRIRKQAHAHSK,CPP
CLLIILRRRIRKQAHAHSKNHQQQNPHQPPM,CPP
RKKRRQRRRGC,CPP
RPARPAR,CPP
RKKWFW,CPP
AAAWFW,CPP
GRRRRRRRRR,CPP
GGRRARRRRRR,CPP
YKALRISRKLAK,CPP
KETWWETWWTEWSQPKKKRKVC,CPP
CVSRRRRRRGGRRRR,CPP
EEEEEEEEEEPLGLAGVSRRRRRRGGRRRR,CPP
HHHHHHESGGGGSPGRRRRRRRRRRR,CPP
CRGDKGPDC,CPP
ARRRAARAARRRAARAARRRAARAARRRAARA,CPP
AKKKAAKAAKKKAAKAAKKKAAKAAKKKAAKA,CPP
ARRRAARAARRRAARAARRRAARA,CPP
AKKKAAKAAKKKAAKAAKKKAAKA,CPP
ARRARAARRARAARRARAARRARAARRARA,CPP
AKKAKAAKKAKAAKKAKAAKKAKAAKKAKA,CPP
RARARARARARARARARARARARARARARARA,CPP
YTFGLKTSFNVQYTFGLKTSFNVQ,CPP
RQIKIWFQNRRMKWKKRQIKIWFQNRRMKWK,CPP
CRGDK,CPP
LSTAADMQGVVTDGMASGLDKDYLKPDD,CPP
AGYLLGHINLHHLAHLHHILC,CPP
AGYLLGKINLKKLAKLLLIL,CPP
CHHRRRRHHC,CPP
KWFKIQMQIRRWKNKR,CPP
HHHHHHHHRRRRRRRR,CPP
RRRRRRRRRRRRRRR,CPP
HHHHHHHHRRRRRRRRRRRRRRR,CPP
HHHHHHHHHHHHRRRRRRRRRRRRRRR,CPP
HHHHHHHHHHHHHHHHRRRRRRRRRRRRRRR,CPP
HHHHHHHHHHHHHHHHHHHHRRRRRRRRRRRRRRR,CPP
CIGAVLKVLTTGLPALISWIKRKRQQ,CPP
AGYLLGKINLKALAALAKKILGGC,CPP
GKKALKLAAKLLKKC,CPP
RRRRRRRQIKILFQNRRMKWKKGGC,CPP
GLFKALLKLLKSLWKLLLKAGGC,CPP
GALFLGWLGAAGSTMGAPKSKRKVGGC,CPP
KWFETWFTEWPKKRKGGC,CPP
LIRLWSHLIHIWFQNRRLKWKKKGGC,CPP
CGGMVTVLFRRLRIRRASGPPRVRV,CPP
MVTVLFKRLRIRRACGPPRVKV,CPP
WEARLARALARALARHLARALARA,CPP
PKKKRKVWKLLQQFFGLM,CPP
IRQRRRR,CPP
CGYGRKKRRQRRRGC,CPP
VSRRRRRRGGRRRR,CPP
CSSLDEPGRGGFSSESKV,CPP
GRGDSPRR,CPP
GRGDSPRRSPRR,CPP
GRGDSPRRKKKKSPRRKKKKSPRR,CPP
LLKLLKKLLKLLKKLLKLL,CPP
WLKLLKKWLKLWKKLLKLW,CPP
FLKLLKKFLKLFKKLLKLF,CPP
WLKLWKKWLKLW,CPP
RWRRWWRRW,CPP
IPLVVPLRRRRRRRRC,CPP
KFLNRFWHWLQLKPGQPMY,CPP
GSVSRRRRRRGGRRRR,CPP
GALFLGWLGAAGSTMGAPKKKRKV,CPP
KKALLALALHHLAHLALHLALALKKA,CPP
YARVRRRGPRR,CPP
CRQIKIWFQNRRMKWKKKLAKLAKKLAKLAK,CPP
CRRLRHLRHHYRRRWHRFRC,CPP
CLLYWFRRRHRHHRRRHRRC,CPP
LLYWFRRRHRHHRRRHRR,CPP
RKKNPNCRRH,CPP
GRKKRRQRRRPPQY,CPP
ISFDELLDYYGESGS,CPP
ISFRRRRRRRRELLDYYSSSSSESGS,CPP
ISFRRRRRRRRELLDYYSSSSSED,CPP
ISFRRRRRRRREWLQAYSSSSSEDE,CPP
PKKKRKVRRRRRRRYSQTSHKLVQLLTTAEQQ,CPP
LCLRPVG,CPP
LCLRP,CPP
LLLLR,CPP
LLLRR,CPP
EEEEEEEEPLGLAGRRRRRRRRN,CPP
YGRKKRRQRRRAYFNGCSSPTAPLSPMSP,CPP
YGRKKRRQRRRQRRRPTAPLSPMSP,CPP
CGGKDCERRFSRSDQLKRHQRRHTGVKPFQ,CPP
GGGGRRRRRRRRRLLLL,CPP
YARAAARQARAKALARQLGVAA,CPP
RIMRILRILKLAR,CPP
RRWWRRWRR,CPP
RKKRRQRRRGGG,CPP
RKKRRQRRRGGGKLLKLLLKLLLKLLK,CPP
GALFLAFLAAALSLMGLWSQPKKKRKV,CPP
YGRKKRRQRRRC,CPP
RRRRRRRRRC,CPP
KLFMALVAFLRFLTIPPTAGILKRWGTI,CPP
LKRWGTIKKSKAINVLRGFRKEIGRMLNILNRRRR,CPP
CELAGIGILTVRKKRRQRRR,CPP
CELAGIGILTVKKKKKQKKK,CPP
KKLFKKILKKL,CPP
GRKKRRQRRRPPQK,CPP
RQIKIWFQNRRMKWKKK,CPP
VSRRRRRRGGRRRRK,CPP
ACSGSGSGCGSGSGSCG,CPP
ACRGSGRGCGRGSGRCG,CPP
ACSGRGRGCGRGRGSCG,CPP
ACGRGRGRCRGRGRGCG,CPP
ACRGRGRGCRGRGRGCG,CPP
ACGRGRGRCGRGRGRCG,CPP
ACRGRRRGCGRRRGRCG,CPP
ACRRSRRGCGRRSRRCG,CPP
ACSDRFRNCPADEALCG,CPP
ACRDRFRNCPADEALCG,CPP
ACRDRFRNCPADERLCG,CPP
ACRDRFRRCPADERLCG,CPP
ACSGRGRGCGSGSGSCG,CPP
ACRGRGRGCGSGSRSCG,CPP
ACRGRGRRCGSGSRSCG,CPP
ARCSGSGSGCGSGSGSCGR,CPP
ARRRCSGSGSGCGSGSGSCGRRR,CPP
ARCSDRFRNCPADEALCGR,CPP
ARRCSDRFRNCPADEALCGRR,CPP
ACSDRFRNCPADEALCGRRRRRRRR,CPP
ACSHSGHGCGHGSHSCGRRRRRRRR,CPP
ACSHSGWGCGHGSWSCGRRRRRRRR,CPP
ACHGRRWGCGRHRGRCG,CPP
HEHEHEHEHEHEHEHEEFGGGGGYGRGRGRGRGRGRG,CPP
HEHEHEHEHEHEHEHEEFGGGGGYGRRRRRRGGGGGG,CPP
WELVVLGKLYGRKKRRQRRR,CPP
VVLGKLYGRKKRRQRRR,CPP
WELVVLGKYGRKKRRQRRR,CPP
WELVVLYGRKKRRQRRR,CPP
WELVVYGRKKRRQRRR,CPP
WELVYGRKKRRQRRR,CPP
WELYGRKKRRQRRR,CPP
WEYGRKKRRQRRR,CPP
WEAVVLYGRKKRRQRRR,CPP
GLKKLARLFHKLLKLGC,CPP
GLKKLAELFHKLLKLGC,CPP
GLKKLARLAHKLLKLGC,CPP
RLRLRLRLRLRLRLRLKRLKRLKRLKRLKKKKKKKGYK,CPP
RLRLRLRLRLRLRLRLKNNKNNKNNKNNKKKKKKKGYK,CPP
GYGYGYGYGYGYGYGYKKRKKRKKRKKRKQQKQQKRRK,CPP
ALALALALALALALALKIKKIKKIKKIKKLAKLAKKIK,CPP
LALALALALALALALAKKLKKLKKLKKLKKLKKLKYAK,CPP
IKIKIKIKIKIKIKIKKLAKLAKLAKLAKLAKLAKKIK,CPP
LALALALALALALALAKIKKIKKIKKIKKLAKLAKKIK,CPP
LALALALALALALALAKLAKLAKLAKLAKLAKKIK,CPP
LILILILILILILILIKRKKRKKRKKRKKRAKRAKHSK,CPP
GRKKRRQRRRCG,CPP
LKKLCKLLKKLCKLAG,CPP
VTPHHVLVDEYTGEWVDSQFK,CPP
HEHEHEHEHEPEGPLA,CPP
RGRGRGRGRGPEGPLA,CPP
YGRKKRRQRRRYGRKKRRQRRRYGRKKRRQRRR,CPP
GGVCPKILKKCRRDSDCPGACICRGNGWCGSGSD,CPP
GGVCPKILRRCRRDSDCPGACICRGNGWCGSGSD,CPP
GGVCPKILRRCRRDSDCPGACICRGNGYCGSGSR,CPP
GGVCPRILRRCRRDSDCPGACICRGNGYCGSGSK,CPP
GACTKSIPPICFPD,CPP
GRCTKSIPPICWPK,CPP
GRCTRSIPPKCWPD,CPP
YGRKKRRQRRRPPQG,CPP
WEARLARALARALARHLARALARALRACEA,CPP
CGRKKRRQRRRPPQ,CPP
KSTGKANKITITNDKGRLSK,CPP
CAYGRKKRRQRRR,CPP
CYGRKKRRQRRR,CPP
RKKRRQRRRRKKRRQRRR,CPP
AKKRRQRRRAKKRRQRRR,CPP
ESGGGGSPGRRRRRRRRRRR,CPP
CHAIYPRH,CPP
KWCFRVCYRGICYRRCRGK,CPP
KWSFRVSYRGISYRRSRGK,CPP
KWFRVYRGIYRRRGK,CPP
KWCFAVCYAGICYAACAGK,CPP
RRGRRG,CPP
HHHRRRRRRRR,CPP
CTSTTAKRKKRKLK,CPP
HILPWKWPWWPWRR,CPP
MRRIRPRPPRLPRPRPRPLPFPRPGGCYPG,CPP
RGGRLSYSRRRFSTSTGRA,CPP
KKKKKKKK,CPP
KHKHKHKHKHKHKHKHKHKKLFKKILKYL,CPP
RRRQRRKKRGYCKCKYGRKKRRQRRR,CPP
AYGRKKRRQRRR,CPP
RQIKIQFQNRRKWKK,CPP
GNYAHRVGAGAPVWL,CPP
TVDNPASTTNKDKLFAVRK,CPP
GRKKRRQRRRPPQRKC,CPP
RRRRRRRRRGD,CPP
KIAKLKAKIQKLKQKIAKLK,CPP
GGAYVTRSSAVRLRSSVPGVRLLQ,CPP
RKKRRQRRRHRRKKR,CPP
LLIILRRRIRRRARARSR,CPP
LLHILRRSIRKQAHAIRK,CPP
LLRILRRSIRRARRAIRR,CPP
LLHILRRSIRRQAHAIRR,CPP
LLRHLRRHIRRARRHIRR,CPP
MAMPGEPRRANVMAHKLEPASLQLRNSCA,CPP
MAPQRDTVGGRTTPPSWGPAKAQLRNSCA,CPP
CGRKKRWWRQRRRPPQ,CPP
CGRKKRRQRRWWRPPQ,CPP
CGRKKRRQRWWRRPPQ,CPP
CGRKKRWWRQRWWRWWRPPQ,CPP
CGRKKRAARQRRRPPQ,CPP
CGRKKRRQRRAARPPQ,CPP
CGRKKRRQRAARRPPQ,CPP
CGRKKRAARQRAARAARPPQ,CPP
CGRKKRLLRQRRRPPQ,CPP
CGRKKRRQRRLLRPPQ,CPP
CGRKKRRQRLLRRPPQ,CPP
CGRKKRLLRQRLLRLLRPPQ,CPP
LIKKALAALAKLNI,CPP
CRKARYRGRKRQR,CPP
CAYGGQQGGQGGG,CPP
CRRRRRRRR,CPP
RQIRIWFQNRRMRWRRC,CPP
RQIKIWFQNRRMKWKKGC,CPP
RRRRRRRRRRRRGC,CPP
RRRRRRRRRRRRRRRRGC,CPP
RRRRRRRRRGPGVTWTPQAWFQWV,CPP
GKRKKKGKGLGKKRDPCLRKYK,CPP
FFLIPKGRRRRRRRRGC,CPP
FFGRRRRRRRGC,CPP
FFFFGRRRRRRRRGC,CPP
FFFFFFGRRRRRRRRGC,CPP
GCGGGYGRKKRRQRRR,CPP
YGRKKRRQRRRGTALDWSWLQTE,CPP
CGNVVRQGCGYGRKKRRQRRRGTALDWSWLQTE,CPP
SRRRRRRRRR,CPP
CHHHHHRRRRRRRRRHHHHHC,CPP
CGGGYGRKKRRQRRR,CPP
GLWWKAWWKAWWKSLWWRKRKRKA,CPP
WRRRRRRRR,CPP
WWRRRRRRRR,CPP
WWWRRRRRRRR,CPP
WWWWRRRRRRRR,CPP
RRRRWWWWRRRR,CPP
RWRRWRRWRRWR,CPP
YGRKKRPQRRR,CPP
KLWMRWWSPTTRRYG,CPP
RLIMRIYAPTTRRYG,CPP
RLWMRWYSPRTRAYG,CPP
KRPTMRFRYTWNPMK,CPP
WKCRRQAFRVLHHWN,CPP
WKARRQCFRVLHHWN,CPP
RRRRRRHHH,CPP
RRRRRRRRHHH,CPP
RRRRRRRRRHHH,CPP
RLLRLLLRLWRRLLRLLR,CPP
CALNNYGRKKRRQRRR,CPP
YGRKKRRQRRTALDASALQTE,CPP
RLLRLLRRLLRLLRRLLRC,CPP
RGDRGDRRDLRLDRGDLRC,CPP
RGDRLDRRDLRLDRRDLRC,CPP
RGERGERRELRLERGELRC,CPP
RGERLERRELRLERRELRC,CPP
GGGRRRRRRYGRKKRRQRR,CPP
GLKKLAELFHKLLKLG,CPP
GLKKLAELAHKLLKLG,CPP
CGNKRTR,CPP
AYLLGKINLKALAALAKKIL,CPP
GLPRRRRRRRRR,CPP
YKQSHKKGGKKGSG,CPP
YRQSHRRGGRRGSG,CPP
WKQSHKKGGKKGSG,CPP
EARPALLTSRLRFIPK,CPP
GRKKRRQRRRMVSAL,CPP
TPWWRLWTKWHHKRRDLPRKPEGC,CPP
YSSYSAPVSSSLSVRRSYSSSSGS,CPP
CSIPPEVKFNKPFVYLI,CPP
RKLTTIFPLNWKYRKALSLG,CPP
DITYRFRGPDWL,CPP
KHHWHHVRLPPPVRLPPPGNHHHHHH,CPP
KKWALLALALHHLAHLALHLALALKKAHHHHHH,CPP
RKKRRRESWVHLPPPVHLPPPGGHHHHHH,CPP
FKKLALHALHLLALLWLHLAHLALKK,CPP
FFKKLALHALHLLALLWLHLAHLALKK,CPP
KHKALHALHLLALLWLHLAHLAKHK,CPP
KHKLLHLLHLLALLWLHLLHLLKHK,CPP
CASGQQGLLKLC,CPP
YNNFAYSVFL,CPP
ECYPKKGQDP,CPP
IWRYSLASQQ,CPP
YQKQAKIMCS,CPP
VQLRRRWC,CPP
TCTWLKYHS,CPP
NTCTWLKYH,CPP
TCTWLKYH,CPP
CTWLKYH,CPP
CTWLKY,CPP
VKRFKKFFRKLKKSV,CPP
VKRFKKFFRKLKKKV,CPP
KKKKKKNKKLQQRGD,CPP
RGDGPRRRPRKRRGR,CPP
RRRQKRIVVRRRLIR,CPP
RRVWRRYRRQRWCRR,CPP
RRARRPRRLRPAPGR,CPP
LLRARWRRRRSRRFR,CPP
RGPRRQPRRHRRPRR,CPP
RRWRRWNRFNRRRCR,CPP
MAARLCCQLDPARDVLCLRP,CPP
MAARLCCQLDPARDV,CPP
MAARLCCQ,CPP
MAARL,CPP
YGRKKRRQRRRGLFGAIAGFIENGWEGMIDGWYG,CPP
RHHRRHHRRHRRHHRRHHRHHR,CPP
HHHRRRRRRRRRHHH,CPP
HHHHHHRRRRRRRRR,CPP
RLHHRLHRRLHRLHRRLHRLHHRLHRRLH,CPP
LRHLLRHLLRHLRHLLRHLRHLLRHLLRH,CPP
RHHLRHLRRHLRHLLRHLRHHL,CPP
LHHLLHHLLHLLHHLLHHLHHL,CPP
RRHLRRHLRHLRRHLRRHLRHL,CPP
RLHLRLHLRHLRHHLRLH,CPP
RLHHRLHRRLHRLHR,CPP
LRHLLRHLLRHLRHL,CPP
RLHRRLHRRLHRLHR,CPP
RHHLRHLRRHL,CPP
AEAEAEAEAKAKAKAKAGGGHRRRRRRR,CPP
RFTFHFRFEFTFHFEGGGRRRRRRR,CPP
FQFNFQFNGGGHRRRRRRR,CPP
AEAEAEAEAKAKAKAK,CPP
RHNFRFFFNFRTNR,CPP
NRHFRFFFNFTNR,CPP
FTFHFTFHF,CPP
KLLKLLLKLWKKLLKLLKGGGRRRRRRR,CPP
HRLRHALAHLLHKLKHLLHALAHRLRH,CPP
HALAHKLKHLLHRLRHLLHRHLRHALAH,CPP
LAELLAELLAELGGGGRRRRRRRRR,CPP
ACSSSPSKHCGGGGRRRRRRRRR,CPP
RLALRLALRALRAALRLA,CPP
KLLKLLLKLWKKLLKLLK,CPP
ACSSSPSKHCG,CPP
CGGGARKKAAKAARKKAAKAARKKAAKAARKKAAKA,CPP
CGGGGYGRKKRRQRRR,CPP
SQMTRQARRLYDGC,CPP
AVPAKKREKSV,CPP
AWSFRVSYRGISYRRSR,CPP
CFITKALGISYGRKKRRQRRRPPQGSQTH,CPP
DSHAKRHHGYKRKFHEKHHSHRGY,CPP
DTWPGVEALIRILQQLLFIHFRIGCQH,CPP
GDCLPHLKLCKENKDCCSKKCKRRGTNIEKRCR,CPP
GIASNGQLPTPKT,CPP
GILLRNQVLPPQI,CPP
GLFNWLQLRPPSW,CPP
GLPVCGETCVGGTCNTPGCTCSWPVCTRN,CPP
GSNFFYQHRLPFS,CPP
GTSRANSYDNLKSETLTQ,CPP
GYRRTTPSYWRMWLR,CPP
KGSWYSMRKMSMIRPFFPQQ,CPP
KIWFQNKKMKWKK,CPP
KKTCRRINYCALNK,CPP
KLLKLLLKLLLKLLK,CPP
KLWMRWYSPTTRAYG,CPP
KPSARMLLLKGFGK,CPP
KQIKIWFQNKKMKWKK,CPP
KQINNWFINQRKRHWK,CPP
KTRYYSMKKTTMKIIPFNRL,CPP
KWFKIQLQIKKWKNKK,CPP
LITKQYRYPSRRRFN,CPP
LSTAADMQGVVTDGMASG,CPP
MSDPNMNPGTLGSSHILW,CPP
NSAAFEDLRVLS,CPP
PIEVCMYREP,CPP
PLILLRLLRGQF,CPP
PLIYLRLLRGQF,CPP
PRLPRLPRLPRL,CPP
PYSRPHVQLWYPNRESCRSLIRSLGP,CPP
QDGGTWHLVAYCAKSHRY,CPP
RCGRASRCRVRWMRRRRI,CPP
RGADYSLRAVRMKIRPLVTQ,CPP
RGWEVLKYWWNLLQY,CPP
RIWFQNRRMRWRR,CPP
RKKTFKEVANAVKISA,CPP
RLWMRWWSATTRAYG,CPP
RLWMRWYAPAARRYG,CPP
RLWMRWYSGTTRRYG,CPP
RLWMRWYSPTTRARG,CPP
RQIKIWFQNRRLKWKK,CPP
RRLRRLLRRLRRLLRRLR,CPP
RRRRNRTRRNRRRVR,CPP
RRRRRRRRRFF,CPP
RWFKIQLQIRRWKNKK,CPP
RWFKIQMQIRRWKNKK,CPP
RWFRIQLQIRRWRNRR,CPP
SDLWEMMMVSLACQY,CPP
SGEHTNGPSKTSVRWVWD,CPP
SLFRALWRLLESLWRLLWK,CPP
SLWRALWRLLRALWRLLWKA,CPP
SLWRALWRLLRNLWRLLWKA,CPP
SLWRALWRLLRSLWRLWRKA,CPP
SLWRALWRLWRSLWRLLWKA,CPP
SLWRALWRLWRSLWRLWRKA,CPP
SMTTMEFGHSMITPYKID,CPP
SPGNQSTGVIGTPSFSNH,CPP
SPTRPTHQGLLPVSNKYT,CPP
SSGANYFFNAIYDFLSNF,CPP
STAPGSLQEDILDSVPA,CPP
STHLQYHVNYTSRTVVSM,CPP
TPWWRLWTKWHHKRRDLPRKPE,CPP
TRRNKRNRIQEQLNRK,CPP
VDKGSYLPRPTPPRPIYNRN,CPP
VLTTGLPALISWIRRRHRRHC,CPP
VPMLKPMLKE,CPP
WKARRQAFRVLHHWN,CPP
WKWRRQWFRVLHHWN,CPP
YSSAYEWFNRYKQPYYEL,CPP
AGCKNFFWKTFTSC,Non-CPP
FITKALGISYGRKKRRQC,Non-CPP
GWTLNSAGYLLGPHAI,Non-CPP
HDEFERHAEGTFTSDVSSYLEGQAAKEFIAWLVKGR,Non-CPP
KKKQYTSIHHGVVEVD,Non-CPP
LRKKKKKH,Non-CPP
RPPGFSPFR,Non-CPP
WSYGLRPG,Non-CPP
KIIRRLIK,Non-CPP
KLIRKRLI,Non-CPP
LIKRRKIL,Non-CPP
RLIKRLIK,Non-CPP
YLANGEL,Non-CPP
GIWFAYSRGHFRTKKGT,Non-CPP
AAVALLPAVLLALLAKNNLKDCGLF,CPP
AAVALLPAVLLALLAPVQRKQKLMP,CPP
AAVLLPVLLAAP,CPP
CGPGSDDEAAADAQHAAPPKKKRKVGY,CPP
CNGRCG,CPP
CNGRCGGKKLKLLKLL,CPP
CNGRCGGKLAKLAKLAKLAK,CPP
CNGRCGGLVTT,CPP
GAARVTSWLGRQLRIAGKRLEGRSK,CPP
GGRQIKIWFQNRRMKWKK,CPP
GLAFLGFLGAAGSTMGAWSQPKSKRKV,CPP
GRKKRRQRRRPPC,CPP
KCRKKKRRQRRRKKLSECLKRIGDELDS,CPP
KCRKKKRRQRRRKKPVVHLTLRQAGDDFSR,CPP
KLALKALKALKAALKLA,CPP
KRPAATKKAGQAKKKKL,CPP
MDAQTRRRERRAEKQAQWKAAN,CPP
MPKKKPTPIQLNP,CPP
RGGRLSSYSRRRFSTSTGR,CPP
RKSSKPIMEKRRRAR,CPP
RQGAARVTSWLGRQLRIAGKRLEGR,CPP
RQIKIWFQNRRMKWKKLRKKKKKH,CPP
RQPKIWFPNRRMPWKK,CPP
RRLSSYSSRRRF,CPP
SWLGRQLRIAGKRLEGRSK,CPP
TAKTRYKARRAELIAERR,CPP
TRSSRAGLQFPVGRVHRLLRK,CPP
YGRKKRRQRRRGTSSSSDELSWIIELLEK,CPP
YGRKKRRQRRRSVYDFFVWL,CPP
GALFLGFLGAAGSRMGAWSQPKSKRKV,CPP
AQRRVSKNSKYNA,CPP
MAQDIISTIGDLVKWIIDTVNKFTKK,CPP
NKIPIKD,CPP
GALFLGFLGAAGSRMGAWSQPKKKRKV,CPP
GLVSSIGRALGGLLADVVKSKGQPA,Non-CPP
RVCFAIPLPICH,Non-CPP
GWFDVVKHIASAV,Non-CPP
GWKDWLNKGKEWLKKKGPGIMKAALKAATQ,Non-CPP
LLKELWTKMKGAGKAVLGKIKGLL,Non-CPP
TWLKKRRWKKAKPP,Non-CPP
RICRIIFLRVCR,Non-CPP
FLPFIAGMAANFLPKIFCAISKKC,Non-CPP
AALKGCWTKSIPPKPCSGKR,Non-CPP
GLLSKVLGVGKKVLCGVSGLC,Non-CPP
KIKWFKTMKSIAKFIAKEQMKKHLGGE,Non-CPP
ILGTILGLLKGL,Non-CPP
WLNALLHHGLNCAKGVLA,Non-CPP
RSNKGFNFMVDMIQALSK,Non-CPP
VWPLGLVICKALKIC,Non-CPP
FLSAITSLLGKLL,Non-CPP
FFPNVASVPGQVLLKKIFCAISKKC,Non-CPP
GVVTDLLKTAGKLLGNLVGSLSG,Non-CPP
GLRSKIWLWVLLMIWQESNKFKKM,Non-CPP
GRRKRKWLRRIGKGVKIIGGAALDHL,Non-CPP
RKFHEKHHSHRGYRSNYLYDN,Non-CPP
GIMDSVKGLAKNLAGKLLDSLKCKITGC,Non-CPP
ALWKTLLKGAGKVFGHVAKQFLGSQGQPES,Non-CPP
LLGMIPLAISAISALSKL,Non-CPP
NRWWQGVVPTVSYECRMNSWQHVFTCC,Non-CPP
SWKSMAKKLKEYMEKLKQRA,Non-CPP
GFFGKMKEYFKKFGASFKRRFANLKKRL,Non-CPP
GTLPCESCVWIPCISSVVGCSCKSKVCYKN,Non-CPP
GLPVCGETCFGGRCNTPGCTCSYPICTRN,Non-CPP
NPKVAHCASQIGRSTAWGAVSGA,Non-CPP
MRKEFHNVLSSGQLLADKRPARDYNRK,Non-CPP
GLFTLIKCAYQLIAPTVACN,Non-CPP
FIITGLVRGLTKLF,Non-CPP
SLSRFLSFLKIVYPPAF,Non-CPP
FWGHIWNAVKRVGANALHGAVTGALS,Non-CPP
GLLGGLLGPLLGGGGGGGGGLL,Non-CPP
FMGGLIKAATKIVPAAYCAITKKC,Non-CPP
FLPGLIAGIAKML,Non-CPP
IIPLPLGYFAKKT,Non-CPP
HSDAVFTDNYTRLRKQMAVKKYLNSILN,Non-CPP
GHHPHGHHPHGHHPHGHHHPH,Non-CPP
FLPVLARLAVKFLPSIVCAATKKC,Non-CPP
FLPKMSTKLRVPYRRGTKDYH,Non-CPP
AVLDFIKAAGKGLVTNIMEKVG,Non-CPP
FFGHLFKLATKIIPSLFQ,Non-CPP
RCTCTTIISSSSTF,Non-CPP
RCVCRRGVCRCVCTRGFC,Non-CPP
ITCQQVTSELGPCVPYLTGQGIP,Non-CPP
GIFSTVFKAGKGIVCGLTGLC,Non-CPP
PSCVCSGFETSGIHFC,Non-CPP
FKVQNQHGQVVKIFHH,Non-CPP
SFPFFPPGICKRLKRC,Non-CPP
SFHVFPPWMCKSLKKC,Non-CPP
FPPPGESAVDMSFFYALSNP,Non-CPP
GFMDTAKNVAKNVAVTLIDKLRCKVTGGC,Non-CPP
GKLQAFLAKMKEIAAQTL,Non-CPP
FLKPLFNAALKLLP,Non-CPP
GFGSFLGKALKAALKIGANVLGGAPQQ,Non-CPP
FFPLLFGALSSHLPKLF,Non-CPP
GMATKAGTALGKVAKAVIGAAL,Non-CPP
GLFLDTLKKFAKAGMEAVINPK,Non-CPP
MQFITDLIKKAVDFFKGLFGNK,Non-CPP
LLRHVVKILEKYL,Non-CPP
FFGHLYRGITSVVKHVHGLLSG,Non-CPP
FLPFLIPALTSLISSL,Non-CPP
FIPLVSGLFSRLL,Non-CPP
GFFDRIKALTKNVTLELLNTITCKLPVTPP,Non-CPP
GAFGDLLKGVAKEAGLKLLNMAQCKLSGNC,Non-CPP
GWASSIGSILGKFAKGGAQAFLQPK,Non-CPP
GNGVVLTLTHECNLATWTKKLKCC,Non-CPP
GLEESPGHPGQPGPPGPPGAPGP,Non-CPP
VIVKAIATLSKKLL,Non-CPP
INLKAIAALARNY,Non-CPP
KLSPSLGPVSKGKLLAGQR,Non-CPP
LFAKINGLKVGPLKIQIV,Non-CPP
AIFIFIRWLLKLGHHGRAPP,Non-CPP
FIGAVAGLLSKIF,Non-CPP
EWKLPDLIINHITLTRRNCNKYRCG,Non-CPP
MWITNGGVANWYFVLAR,Non-CPP
FIGALLGPLLNLLK,Non-CPP
KKLFKKILKYL,Non-CPP
YQLLQELCCQHL,Non-CPP
YCNGKRVCVCRG,Non-CPP
GGTYSCHFGPLTWVCKPQGG,Non-CPP
GRVRDQIMLSLGG,Non-CPP
MTPPPLPARVDFSLAGALN,Non-CPP
HLPPPVHLPPPV,Non-CPP
PPPPGGPQPRPPQG,Non-CPP
RYDWWPYGNLFGGHTFISP,Non-CPP
YGGFLRRIRFARKLANQ,Non-CPP
AEPGADDAEEVEQKQLQ,Non-CPP
KKAVRRQEAVDAL,Non-CPP
FLPLAIGLLGKLFG,Non-CPP
IKIMDILAKLGKVLAHVG,Non-CPP
KIHPFAQTQSLVYP,Non-CPP
FVQWFSKFLGRILG,Non-CPP
GLFDIVKKVVGTIAGLG,Non-CPP
GWMSKIASGIGTFLSGIGQQG,Non-CPP
WQIPEQSQCQAI,Non-CPP
QYPLGQGSFRPS,Non-CPP
ALQTLPAMCNVY,Non-CPP
IPPYCTIAPFGI,Non-CPP
QPFPQPQQPFPQSQ,Non-CPP
PLVQQQFLGQQQPFPPQ,Non-CPP
WEAKLAKALAKALAKHLAKALKAKALCEA,Non-CPP
ARHPHPHLSFM,Non-CPP
RELEELNVPGEIVESLSSSEESITRINK,Non-CPP
AIEWEGIESGSVEQA,Non-CPP
LEELEEELEGCE,Non-CPP
LKKISQYYQKFAWPQYL,Non-CPP
LNENLLRFFVAPFPEVFG,Non-CPP
PACGGFWISGRPG,Non-CPP
TPVVNPPFLQQT,Non-CPP
SAATNAVHRCCLTGCTQQDLLGLCPH,Non-CPP
DSLSFSYNNFEEDD,Non-CPP
DTHISEKIIDCNDIG,Non-CPP
FLPMLAKLLSGFLGK,Non-CPP
FIGPLISALASLFKG,Non-CPP
SDRPTRAMDSPLIRF,Non-CPP
PFSLIPHAIGGLISAIK,Non-CPP
SLSYEDKMFDNVEFTPRL,Non-CPP
LKLLKKLLKLLKKLGGGK,Non-CPP
LKLKDILGKIKVILSHLNK,Non-CPP
GIGGKPVQTAFVDNDGIYD,Non-CPP
VLSHNNESSYSDTSSCTSQ,Non-CPP
NPFKELERAGQRVRDAIIS,Non-CPP
RSAVGRHGRRFGLRKHRKH,Non-CPP
ACAAHCLLRGNRGGYCNGKG,Non-CPP
IIGAIAAALPHVINAIKNTFG,Non-CPP
MIASHLAFEKLSKLGSKHTML,Non-CPP
GFLDKLKKGASDFANALVNSIKGT,Non-CPP
GIGKFLKKAKKGIGAVLKVLTTGL,Non-CPP
DNTVTSKPLNCMNYFWKSRTAC,Non-CPP
LFGFLIKLIPSLFGALSNIGRNRNQ,Non-CPP
ISCQDVKQSLAPCLPYVTGRAPKPA,Non-CPP
DTNFPICLFCCKCCKNSSCGLCCIT,Non-CPP
ALWKDMLSGIGKLAGQAALGAVKTLV,Non-CPP
GWKSVFRKAKKVGKTVGGLALDHYLG,Non-CPP
GIGAILKVLATGLPTLISWIKNKRKQ,Non-CPP
TTITVVNKCSYTVWPGALPGGGVVLD,Non-CPP
AGETHTVMINHAGRGAPKLVVGGKKLS,Non-CPP
DLWNSIKDMAAAAGRAALNAVTGMVNQ,Non-CPP
GFGMLFKFLAKKVAKKLVSHVAQKQLE,Non-CPP
DVLKKIGTVALHAGKAALGAVADTISQ,Non-CPP
RDWERREFERRQNELRREQEQRREELL,Non-CPP
GLWSKIKDVAAAAGKAALGAVNEALGEQ,Non-CPP
RDSLQRGGQKILEKAERIGDRIKDIFRG,Non-CPP
MKVFFLFAVLFCLVRRNSVHISHQEARGP,Non-CPP
NGVYCTKNKCTVDWAKATTCIAGMSIGGF,Non-CPP
TCTLGTCYTAGCSCSWPVCTRNGVPICGE,Non-CPP
HADGRYTSDISSYLEGQAAKEFIAWLVNGR,Non-CPP
VPSAGDMMVRF,Non-CPP
DEATVFGLWPLCSYRMLPF,Non-CPP
NPGTPQHLCGSHLVDALYLVCGPTGFFYNP,Non-CPP
RSLDASPSSAFSGNHSLS,Non-CPP
PVKVYPNGVQEETSEGFPLEF,Non-CPP
YGGFLRRQFKVVTRSQEDPNAYSGELFDA,Non-CPP
QEADPSSSLEADSTLKDEPRELSNM,Non-CPP
SSPETLISDLLMRESTENVPRTRLEDPAMW,Non-CPP
GIVEQCCTSICSLYQLENYCN,Non-CPP
FVSRHLCGSNLVETLYSVCQDDGFFYIPKD,Non-CPP
RMTLSEKCCQVGCIRKDIARLC,Non-CPP
SVLTPSLSSLGESLESGIS,Non-CPP
LNLKALLAVAKKIL,Non-CPP
QGVNDNEEGFFSAR,Non-CPP
ADTNAPICLCDEPGVLGR,Non-CPP
HSEGTFSNDYSKYLETRRAQDFVQWLKNS,Non-CPP
SDEDSDGDRPQASPGLGPGP,Non-CPP
RVDSADESNDDGFD,Non-CPP
QGTTNIVCECCMKPCTLSELRQYCP,Non-CPP
QADPNKFYGLM,Non-CPP
QGRLGTQWAVGHLM,Non-CPP
APGDRIYVHPF,Non-CPP
KPKCGLCRYRCCSGGCSSGKCVNGACDCS,Non-CPP
GCCSDPRCRYRC,Non-CPP
GCCGSFACRFGCVPCCV,Non-CPP
RCCKFPCPDSCRYLCC,Non-CPP
ALNSVAYERSVMQDYE,Non-CPP
QCCITIPECCRI,Non-CPP
DCCHNTQLPFIYKTCPEGCNL,Non-CPP
TCCKFQFLNFCCNE,Non-CPP
YGGFMKPYTKQSHKPLITLLKHITLKNEQ,Non-CPP
QATVGDVNTDRPGLLDLK,Non-CPP
AATAATPATAATPATAARA,Non-CPP
EEKMGFAKKCCAIGCSTEDFRMVC,Non-CPP
KSDLLGALLSRNSPSSYGLPSRDMSTAY,Non-CPP
IIDYYDEGEEDRDVGVVDAR,Non-CPP
AFDHYGFTGGL,Non-CPP
QIDPLGFSGGI,Non-CPP
KPNPERFYAPM,Non-CPP
SPANAQITRKRHKINSFVGLM,Non-CPP
GCIGRNESQKKDNVYKFKE,Non-CPP
AGNLSECFWKYCV,Non-CPP
GRGARRYCGRVLADTLAYLCPEMEEVE,Non-CPP
YKVDEDLQGAGGIQSRGYFFFRPRN,Non-CPP
DDASDRAKKFYGLM,Non-CPP
SVNTKNDFMRF,Non-CPP
ILGLLKGISALLS,Non-CPP
NGVCCGYKLCHPC,Non-CPP
CCSQDCLVCIPCCPN,Non-CPP
NCPYCVVYCCPPAYCEASGCRPP,Non-CPP
CKGKGAPCTRLMYDCCHGSCSSSKGRC,Non-CPP
IRDECCSNPACRVNNPHVC,Non-CPP
ADDSDPVGGEFLAEGGGVR,Non-CPP
INWKAIIEAAKQAL,Non-CPP
GCCSTPPCAVLYC,Non-CPP
DGCSNAGAFCGIHPGLCCSEICIVWCT,Non-CPP
APEESPKRAPSGFLGVR,Non-CPP
ALFEESTVSAEPR,Non-CPP
EYDDMYTEKRPKVYAFGL,Non-CPP
GLFDIIKKVASVVGLASQ,Non-CPP
GLVPNLLNNLGL,Non-CPP
GNTKKAVPGFYGTR,Non-CPP
DHLPHDVYSPRL,Non-CPP
SDLTWTYQSPGDPTNSKN,Non-CPP
VVNTPGHAVSYHVY,Non-CPP
FKAPYNIHWHCKPGLLC,Non-CPP
AKKELCTCQQPKHLKYIEKGLQKAKDYAT,Non-CPP
GSSGLIPFGRT,Non-CPP
NGGTSGLFAFPRV,Non-CPP
GSLTGLISMPRT,Non-CPP
DSSNLPPNQKQIVD,Non-CPP
DVDFNSESTRRKNKQKEIVDLHNSLKKTV,Non-CPP
GCCPFPACTHTIICRCC,Non-CPP
KCCMRPICMCPCCIGAG,Non-CPP
QWAQWPRPTPQIPP,Non-CPP
GKCGEINGSCDECYGGSVTCDCY,Non-CPP
SCIKHGDFCDGDNDDCQCCRDNGF,Non-CPP
TQRLANFLIHSSNNFGAIFSPPN,Non-CPP
SYGWAEGDTTDNEYLRF,Non-CPP
GVSFHPRLKEKDDNSSGNSRKSNPK,Non-CPP
GPGSAICNMACRLEHGHLYPFCNCD,Non-CPP
MWHRNRGDGGRPETSSGRRRRLR,Non-CPP
MSNRGASLKGLFLAVLLVSNTLLTKEGVT,Non-CPP
CHRRDSHKIDNYFKVLKCRLIHDSNC,Non-CPP
VPLPAGGGTVLNQDVPARQPLGG,Non-CPP
DCCPAKLLCCNP,Non-CPP
GPYGGGGLVGALLG,Non-CPP
SPMQRSSMVRF,Non-CPP
LYISRQGFRPA,Non-CPP
SMAMGRLGLRPG,Non-CPP
ASEDALFGTMRF,Non-CPP
AKWKEDVIKLCSRELVRTQIAICG,Non-CPP
CCKVQCESCTPCC,Non-CPP
NPELYQMNHFRWGQPPTHFKQ,Non-CPP
ALCCYGYRFCCPNFR,Non-CPP
RKYVMGHFRWDRFGRRNSSSSGSSGAGQKR,Non-CPP
KRGGAQYAPYWQETYLRSRK,Non-CPP
VCIADDMPCGFGLFGGPLCCSGWCLFVCL,Non-CPP
RGCREGGEFCGTLYEERCCSGWCFFVCV,Non-CPP
SYCGSTTRICCGYCAYFGKKCIDYPSN,Non-CPP
YIKVLRCRVVFQNEC,Non-CPP
SEAAALPRASAAAMRAAWPSPSVERV,Non-CPP
VMMVEAGFGTHGCPLLQGTCDSHCRGMDA,Non-CPP
GHDFDQDDVNSSGEKDESLVRI,Non-CPP
RRCSNRNFVRL,Non-CPP
SENPSNSRNFIRL,Non-CPP
CTCFTYKDKECVYYCHLDIIWINTP,Non-CPP
CCPGWELCCEWDDGW,Non-CPP
MTDMWSLKICAWLGFLLLFKP,Non-CPP
MSPRPLAWALVL,Non-CPP
YGGFIGIRKSARKWNNQ,Non-CPP
YLRNPRKNLLKNILADVLARQLQKK,Non-CPP
FSETIPAPTSKNEAQQKS,Non-CPP
LRTLLELARTQSQRERAEQNRIIFDSVGK,Non-CPP
AFDSLAGSGFDNGFN,Non-CPP
MYKIQLLSCIALTLALVANGAPTSSSTGNT,Non-CPP
GLTPNMNSLFF,Non-CPP
LPYPVNCKTECECVMCGLGIICKQCYYQQ,Non-CPP
GPRPPGFSPFRGKFHSQS,Non-CPP
DGKLYKMTHFRWSEGS,Non-CPP
NPRWEFRGKFVGVR,Non-CPP
SLLADTQSGHRW,Non-CPP
SGTGLSATLPQRF,Non-CPP
STDCGGPKTQPLACDHPPLPDILFL,Non-CPP
GGAGEPLAFSPDMLSLRF,Non-CPP
MGMRLPNIIFL,Non-CPP
NSELINSLLGIPKVMTDA,Non-CPP
RGPDHRFAFGL,Non-CPP
FLGALIKGAIHGGRFIHGMIQNHHG,Non-CPP
PDERRQLNKIFLWDFCNSDSI,Non-CPP
MNFLLSWVHWTLALLLYLHHAKW,Non-CPP
DYDPRTEAPRRLPADDDEVDGEDRV,Non-CPP
MHVERRECAYCLTINTTICAGYCMTR,Non-CPP
MQKLQISVYIYLFMLIVAGPVDLNENSEQK,Non-CPP
IVAVLFLTACQFNAADDSRVRRNAEH,Non-CPP
VKRCCDEEECSSACWPCCWG,Non-CPP
NWTPQAMLYLKGAQ,Non-CPP
MHSSALLCCLVLLT,Non-CPP
TAEALRCQENYLPSPCQ,Non-CPP
SAGATANLPLRS,Non-CPP
MAASPRNSVLLA,Non-CPP
DDGVVWMNWKGSWYSMKKMSMKIRPFFPQQ,Non-CPP
DGSVDFKKNWIQYKEGFGHLSPTG,Non-CPP
VYVPRYIANLY,Non-CPP
PAETPNSLDLTFNRRIMDTI,Non-CPP
DCLPDWFHYEGHCYRVFDEPKKWADAEKFC,Non-CPP
CFKKDMHKVETYL,Non-CPP
AAEFPDFYDSEEQMGPHQEA,Non-CPP
EEEESRPRKLCGRHLLIEVIKLCGQSDWS,Non-CPP
MPPSGLRLLPLLLPLPWLLVLTP,Non-CPP
KFDMVAYVSEEDS,Non-CPP
KKDGYPVEYDRAY,Non-CPP
LAKRADICQPGKTSQRACET,Non-CPP
NGARVSDMFRPSGDDFGDYSANWGDF,Non-CPP
RCCQTFYWCCVQ,Non-CPP
MKVSAAALAVILIATALCA,Non-CPP
VVCNYRDVRFESIRLPGGPRGVNPVVSY,Non-CPP
MKLNGGKSLDPTGLY,Non-CPP
MRTWACLLLLGCGYLAFALAV,Non-CPP
RPWCHPINAILAVEKVVCTYRDVRFESIRL,Non-CPP
AADHDVGSELPPEGVLGALLRV,Non-CPP
LETPAPQVPARRLLPP,Non-CPP
TMKLCGRKLPETLSKLCVY,Non-CPP
RRKMCGEALIQALDVICVNGFT,Non-CPP
EPTWNNLKGMW,Non-CPP
FLGRVLPPTRATASTHRSRL,Non-CPP
LLTNAAESRGIPSIII,Non-CPP
AIGYLAARLAKLGVEDQLVRVGAVAGSTVV,Non-CPP
QQTTALPTWGLAPSGKGRGLQHPPPVGSQE,Non-CPP
KLPWTEFAESAEDGPTTRFCQKLAKNHDMVVVS,Non-CPP
MTAVNDFLTPRSIAVNAINQTHAKVV,Non-CPP
SQGQRISALRAIGASAPELPR,Non-CPP
DAKLIMIDPKMLELSIYEGIPHLLCPVVT,Non-CPP
GKYNLSLLSTEEEIEIIKLLAAWTKTLEASVKYF,Non-CPP
ARNPIHLAAPALAE,Non-CPP
SGWNAYIDTMTAAAP,Non-CPP
ESGGPEPGVGCAGRGVITSITYLEEAGAYENLD,Non-CPP
GGYRPQFYFRTTDVTGIIQLPEGVEMVMPGDN,Non-CPP
STVKPIVIMEALK,Non-CPP
TPAPTPVPEHPMVP,Non-CPP
VGYLSASIEWAWRTGDPEAWRKWWNDP,Non-CPP
PATRTLISYVLKFQILKA,Non-CPP
YPYILLTKERHPRITSHRGSKKV,Non-CPP
PKIACSQGWYDLW,Non-CPP
DSEEAIRYRQEVYVRETSPLIEVYRERGLLVEV,Non-CPP
ENIMKKPKEPEPSFPSF,Non-CPP
TGPSPAPPYGLFVGGRFQSPGTQSSR,Non-CPP
MRHRNRVKKLGK,Non-CPP
DKEVLKGYFKESRLAYDLAYGFLTPFLS,Non-CPP
GLLSTAAGVQRASAKSTLAIV,Non-CPP
ESCTLFEEMFVPFPMRSQRNQAG,Non-CPP
VSEEEREELVAQFNTILDYFQQLDEVDTEGVEP,Non-CPP
VTVNISSPNTKNLRQL,Non-CPP
APPPPAPCFSQVAS,Non-CPP
DATKQADIIHILIPDMIQGQVYKDEIGPNLSEGK,Non-CPP
LLMTVFKTAPLLIAALAASSCGGGGSG,Non-CPP
EAQKTSPSLCPESQASGPPVLEPQGAG,Non-CPP
VLTGMGADGREGARMLKAAGATIWA,Non-CPP
VGGSAYDAHGVAISDADMEKALAADA,Non-CPP
AFHFILPFIITALVIVHLLFLHETGSNNPS,Non-CPP
ADTIYPFTQAENVWLPNKNDIIEK,Non-CPP
MRHLLGQSLTMYKVPELIFKRDQSV,Non-CPP
GQLELFSKMSR,Non-CPP
NMFNQLVRKYLRQGYYGNKVILGHHPDN,Non-CPP
LFIGWGSQSSKVQIHHNTWLHFPGHNLRWIL,Non-CPP
PTRKLLAKNLATLYSIGDTFTVF,Non-CPP
AKGQRVGIFSGSGVGKSTLLGMIAKN,Non-CPP
KQSVQDGYFVGPRGSIGSSLVANLIGI,Non-CPP
VEFTVQGNPLEHHPT,Non-CPP
TPLNLAVNWRCE,Non-CPP
SLDHLRREFAKETGIIPKGVYDFVWVVDW,Non-CPP
NKIEITSIDECFIDATD,Non-CPP
ALVKSALEPGFLVLVNDSNGYHVLQSCLE,Non-CPP
KFKEINEAYQILSDSQKKQ,Non-CPP
PPAEPFLLNVNIP,Non-CPP
RRTNQILTKYLPVKFE,Non-CPP
SQSGNPVMSTVAFLASVVDP,Non-CPP
FLIDRMGMTYVLALTGGIATG,Non-CPP
VFSLAGPVVSMAGHGEQ,Non-CPP
AREVMDEIEARMQQASGELRFEEA,Non-CPP
CEYLSNVVTDGNVIKHDASIDEDSAVEIVRVEL,Non-CPP
INVPLRDAKASSRKRRADTAVS,Non-CPP
DCSTFLRTSETGIVDQVMVTLNQEGYKFCKIRVR,Non-CPP
VWTLTVYSIWMSVEDHIGY,Non-CPP
IKQIIQRITWVNP,Non-CPP
PVADIKAIVTGKDCPHMKEKSA,Non-CPP
GGVNLAQKFVKNNRCQQANVGTPQPGSHGSVRT,Non-CPP
KFIQGTIAENAPIIPISAQMKYNIDVI,Non-CPP
AILDIRSIDEQEDKPLKVEGVEVVSLPF,Non-CPP
QVRERVFQQALQGA,Non-CPP
KRIHEYKRQLLNCLHV,Non-CPP
IFDQMFCSIYFHTLRYEGPFTPPSLKGSL,Non-CPP
ASEEKLEQVLSSMKEN,Non-CPP
ALEACGAPVERLQIEAGGPAWYHPG,Non-CPP
YGKPMEPEKIPDIIFIDGGRGQLSRAYNV,Non-CPP
LKKYWDNGMTSLGSVCREKIEAVAT,Non-CPP
GKPRFVHTLNGSGT,Non-CPP
SALLAEEDIPHNLLN,Non-CPP
LAKQELVKILQPG,Non-CPP
PVVLMTKKRDGTLAPYS,Non-CPP
ERGLLHSSQLPLDVYDLTMP,Non-CPP
DDGYSYVDLNRQGTPLVEIV,Non-CPP
SLDELAAASAASTEAALDALLEQPPVEEAFV,Non-CPP
MITGAAQMDGAILVVSGADGP,Non-CPP
KEECECTARRPRIPREL,Non-CPP
RAKEAAEEPSH,Non-CPP
KALLIKQNLKEGITVDQQDLFAYEKYKLLEFYAW,Non-CPP
ADLEKLTGKQVQLNILEV,Non-CPP
TIILDTKNRREEVMAKYEILYIIRPNIEEEA,Non-CPP
ADVPVFYLPYFNFP,Non-CPP
NKSMKTLRLNNVTLEMAAYQEESEPKR,Non-CPP
VVKKLMTEFNYNSVMQVPRVEKITLN,Non-CPP
LNGNELERLAVGGDRVRKLSRR,Non-CPP
HFNLMNSRTIADNVAFPLKGLKSKQAIQKKV,Non-CPP
VASDSEYSAECESLFHSTVVDTSEDEQSNYTTN,Non-CPP
PEEELEGSSEPEEWCPPMPERSHLTE,Non-CPP
TGVDNLFYIDKFQVREVKMETLLAG,Non-CPP
YFDDDDMWNKAENMLKEAADELGLSYEEA,Non-CPP
FVEVETPTLTRSTPEGARDFLVPSRLQPGSF,Non-CPP
RFVQAGSEVSALLGR,Non-CPP
GRVVELSQEHLPGIGGAVWSDSRCQLTVGD,Non-CPP
YEKALHSFIIHEDPSLNYISALKETAKE,Non-CPP
APNVGALHNVLGRLRTAGKYHWVKD,Non-CPP
YPFIKITNERHPKLIVTRHVKKDKGKYFGP,Non-CPP
PSKVVPLEERMKIASQLFLSGFEDSYRNY,Non-CPP
QVRQATNQIVMNCADIDIIT,Non-CPP
PYEENLNYLIDHISKYHFRDGFRH,Non-CPP
AVHYTANINLAFSSII,Non-CPP
KTKRLRYKEGKTSS,Non-CPP
ILPEGFELAPP,Non-CPP
PSSTASSSLTSSPCSSPVLTKRLLGSSAS,Non-CPP
EIDELVGLVNERGKVTLSYASIEEI,Non-CPP
IATLEIKLLMLHNQQKTAAPPQSLLDVLFSM,Non-CPP
VDKLADTVKTTIGPKGRNVVLEQSYGNP,Non-CPP
RDAQAFAAGHITGARHLDNHSVADFIRGA,Non-CPP
VTLLLAYRSPLCRDTKPMYRP,Non-CPP
AAPGGKTTHILEVAPEAQVV,Non-CPP
KLEVANDALGALRLKLGKELNLIDESL,Non-CPP
AGTYAPLPDSFSSEFK,Non-CPP
RPSGAEKPYICNECGKSFSQWSKLL,Non-CPP
LIRLMLMEAPSQRPNICQVLEEVSRLQN,Non-CPP
VAMAFVRGLARRDTG,Non-CPP
VYDEDGIAHALPESMLPLELPEVEDY,Non-CPP
KGLLNLTEKTKKPLVICSTGFSDEDLA,Non-CPP
AVTPPPKPETPQIFEYQ,Non-CPP
ESLYPGKGIKNAGREVEVIYV,Non-CPP
PAKGSVGASGDLAPLAHLSLTL,Non-CPP
REGSWDLGVEWFPMLENPVKTQISV,Non-CPP
TSSNYDDDEKKVTGGRNGYGAKLCNIFS,Non-CPP
SDSRVIIFTELRESA,Non-CPP
ELQLRGAAISLSG,Non-CPP
FNCFLELPEVLHGKKFLKVDEATREDMLMS,Non-CPP
IPDHAFAVKTLLEKLTSHEIIQSLDEIE,Non-CPP
TTLFWLGAIGMLVGTLA,Non-CPP
LLFLDEAARLDAKSISTLFELCDRLDM,Non-CPP
EDKVVQPTFLLEHPVEISPLAK,Non-CPP
GGVPQDLSRRDFTAALRRLSQRGLDGRTLARK,Non-CPP
IAPTYSCIALQDLMAKLETG,Non-CPP
ATLGNLALPFLARNT,Non-CPP
SKDLREASDIGGQGS,Non-CPP
ELAITATCVRVPVLRAH,Non-CPP
EKEGVHRFSLVTSGKSVSDEEFEKILGI,Non-CPP
PLQTYKELIKLYQAEEVSFKY,Non-CPP
HVPLSPRTLNAWVKLVEEKKFGAEVVPGF,Non-CPP
LDTYPAWARVSNITDQAMVAPW,Non-CPP
GSDRVSNSDFVTM,Non-CPP
PAHAKISDDSKETIQECVSEYISFITGE,Non-CPP
SGGDLPLADLAASFEQVVADVLVERA,Non-CPP
WKSMFGSLDPPNMPQA,Non-CPP
SDCGIVNVNIPTSGAEIGGAFGGEKH,Non-CPP
HHSIAYKFRKKFVMTKIEDIFVTVGRTGLITY,Non-CPP
APLVSRATVHVRLLDRNDNPPVLGNF,Non-CPP
QAKKSITYLNRGPTTFYSVAYSEHSSFNELR,Non-CPP
SDLLFYEGLHGAVVTDKVNVAQYA,Non-CPP
ANAATYTTGLTAASFTS,Non-CPP
TFSLPRSLLDSMTVAVD,Non-CPP
WSALLEKAYAKVNGSYESLSGG,Non-CPP
AEALQQALEEQWAKKVRLAWRVRSD,Non-CPP
QSYYSSQEYDAIHGTLEK,Non-CPP
CVADLLSKESGKKEITLLTTSGSLKSKILGNNLV,Non-CPP
ILWILVLNAIVGVWQESNAEKALEALK,Non-CPP
GALSEKERKLYDLIAKR,Non-CPP
EVGRALANLTDATTIIGGGDSTAAAK,Non-CPP
ELGQPMHAFDLET,Non-CPP
IVISKTDSNFDWWEGKLRGQTGIFP,Non-CPP
QVHIWRRSYDISPPDLDPQDPNSAHN,Non-CPP
IKNGALANLVREIEM,Non-CPP
DFIDWVDNMWPR,Non-CPP
KLKKKPFNRYPECQPSKLISSYAHYVNLSC,Non-CPP
TTYKYEMINKQNEQMHALLA,Non-CPP
YSDFHFIDERGESIIVESGDP,Non-CPP
GIPIAGEEEVKV,Non-CPP
PFFAFHDRDIAPEGSTLKETNQNLDIIVGMI,Non-CPP
ARSILSKSSSKGGSSN,Non-CPP
HSEYSYSFPDISSEMMIR,Non-CPP
NAGSPQMLDQVGRAAPGHPVWI,Non-CPP
QLGVQALSIANQSS,Non-CPP
ELQPKASFLCAEVVRLGRTAAGETLNEGA,Non-CPP
YFYSYKVVKGVKKYFSFSQSNGYK,Non-CPP
FGAYPVAAKARAGGGPTLQCPPPSSPEKAAS,Non-CPP
VDKFFIYVIED,Non-CPP
PVPSLNVLNGGKH,Non-CPP
VCYDPEREGVYDESNIHELRTIKLNDLDIN,Non-CPP
DTVIMASVFVHPTAQDYNKIYRFN,Non-CPP
PADWRGCKPSCPWGSSSWCNEECT,Non-CPP
NIDEQPRPLTDSHR,Non-CPP
ETRRKRMACQVFFLNYYISTIEYH,Non-CPP
APYQRDNFILRQ,Non-CPP
GYNPMQDPNFHTMGQ,Non-CPP
ARAVLYLAQGTFGECDSEVDVLHWSRYN,Non-CPP
AKYIADLDTFF,Non-CPP
GTSNEEAGLPQRRPLRQSSKQVKARLPIDSKGG,Non-CPP
ILSDSYNPDICVA,Non-CPP
PTEVRMGKGKGAVDYWAARVKPGRIM,Non-CPP
RSPAILYNSGGQVAKFHYEWNDPKKL,Non-CPP
ILHTLNLPLDMLAPYLDAKL,Non-CPP
LFIALVNQTLIMFGKPVLPVAEDQ,Non-CPP
TPLEAIASSLTELFAPNLHE,Non-CPP
DINKVDEKVVGTILRIKVSG,Non-CPP
FTELEPEDLLKFGLIPEFVGRLPV,Non-CPP
GLCPLLAVTATVTNA,Non-CPP
SELCKLYDYCP,Non-CPP
SLYNALGIYLPLITVNCAIMAGSL,Non-CPP
SRKLLRVEVDIGEEKPRQLVAGMASYYTS,Non-CPP
NKKNPRFKQRQGMRSRSSS,Non-CPP
SRLPAGSDESWTQKLYQTLDKPPTNKVFS,Non-CPP
SRLSELSKVQISELS,Non-CPP
APYVGAVVMPGGAGQSRSELDEWTTFARSRGAKG,Non-CPP
PEGHELCRPEAVEAEATLRAITIASA,Non-CPP
HVRGVAMNPVDHPHGGGEGRT,Non-CPP
GSSSMATVCGSSLALMHAGVP,Non-CPP
RGKQLHAAVHSLQSFDRAMDQFLAFLSETETLC,Non-CPP
RDVLGGTALPQIQ,Non-CPP
YLREYKLVVVGDGGVGKS,Non-CPP
KLVEQKTPEVWECLEEVVKQHPVLLNRAPTLH,Non-CPP
IDFDGPLEVDQ,Non-CPP
DMTTKFMTDPVRVLVKRDELTLEGIKQYFIAVEK,Non-CPP
GKNVKPQIHENFDGN,Non-CPP
LQFGTEPFTGGPATLSVSNW,Non-CPP
PERGLWENIAYLDFRCHPADTKVIVKGKGV,Non-CPP
VELQDKVDSLDKDIKFLKCLY,Non-CPP
VIAEDDLVDSCKPGDRV,Non-CPP
DDLGHKVEKLLFDLFSGKRSGSPDIDKKINQAC,Non-CPP
LAKATGAKIVT,Non-CPP
ILLILLCIATVFLSVGGTALYCT,Non-CPP
ERVMKSRHRMA,Non-CPP
AHGVPVGGELDYLDEGTLAAALRARTVIM,Non-CPP
RTQNWTNSFGSSNAGNGSTT,Non-CPP
PTTPSTPAKSAQSSKHARRPSKQASAPSSPGTTS,Non-CPP
DFPIFRNQKDPYIYLDSAATTHKPQCVIDAVTDY,Non-CPP
TKGEVREAVDQVLETLDKGEARVAE,Non-CPP
LLGKSFIGSLELFSLVNHLFNFFR,Non-CPP
SGRWTQETCLPTIYKVFPT,Non-CPP
NEVRCADPEAAEEMR,Non-CPP
EMGVTVAKEGIDTYSFKA,Non-CPP
IVFYLLGSWFLS,Non-CPP
RRLVDVFQRWGYEYVITPMIEFTD,Non-CPP
KEASKATQLPWFAIGGI,Non-CPP
LSITEWRPVTGAVPPMSEAEWQ,Non-CPP
VDMGKPSFNPADIL,Non-CPP
EGVMDRIVSQLLAELDGMSGGDGGDG,Non-CPP
AFTGELPNGDQYYGFPAENDALKIGKHNGGQV,Non-CPP
VIKKILGRIECPKG,Non-CPP
EGHNLQEHSVVLIRGGRVKDLPGVRYHVVRGTL,Non-CPP
TTVAEICQFVKPATH,Non-CPP
NSYLDELTGRP,Non-CPP
PRRSDAPQLRDEYRTYKLLAGCTGIPNVYY,Non-CPP
IIKDRQYTAKADSVARRSCQTALYHIAEALV,Non-CPP
SYLIGSIPFGLLFTRLAKLGD,Non-CPP
YKMFMVAAPKVPVKRGCIDACPKNSLLVKY,Non-CPP
ARLRITLSATHDDDALDALL,Non-CPP
LDAIDSRSQSKKLGKETPHDYLIT,Non-CPP
LHHRGNASGLGAG,Non-CPP
EVLQDSLDRCYSTQSMYFELPDSFQHYR,Non-CPP
TQYNNQPAADAFRKQLEKNGIASYLHY,Non-CPP
LAAAAAAKAARLAEKAMQASIESTGNL,Non-CPP
TRSEMESILESMYKLV,Non-CPP
ANEQRKTIYKFRQELLNPEYDIASK,Non-CPP
AYLSEGGELAALMFMNWVGIKV,Non-CPP
QESDGKVRSFIVPFSNLAPLMRVGHLRYQLA,Non-CPP
RIVYVCSSLLAVLLTV,Non-CPP
INGNTGSLTANPDCVINRKLSWLQYQQG,Non-CPP
GFMFAPKFHPAMRYAGPVRREIGIRTIFNV,Non-CPP
LIIAEERVAACMADF,Non-CPP
GDFAGPNGCPRRRGRQTYT,Non-CPP
PETSVLVLRKPGINVASDWSIHLRMADVAGTSNR,Non-CPP
IIERNITEIVYLNNTTIEKEICPEV,Non-CPP
EVRAGDIAAAVGLKEATTGDTLCDPGKVII,Non-CPP
PCAKEVMGPLRWTRLSIRRYDEQFSS,Non-CPP
IDQVFSHIKWIEWI,Non-CPP
RERKVRGLQLRLLFLVGTASNP,Non-CPP
GTTPGYSYSAANKNMAVIWGENTLYDYL,Non-CPP
VTGPLIIAVNKTDRMDEKAELIPHLQW,Non-CPP
IESYLNIPKEGNSKINF,Non-CPP
LLVQYILPLVCLTVSHTS,Non-CPP
RGKLPILAGGT,Non-CPP
EIEAPQAVLPN,Non-CPP
KLVGQHNVANVLVVLALLTCAGIDYRKGLSALKS,Non-CPP
PEIFAASDRFGTILENVI,Non-CPP
SELQLERVNVYYN,Non-CPP
DGGVHSHINHLCGLIEWAA,Non-CPP
VVDPGVIPRNLHQMPPVDPSQDPLAIGPPT,Non-CPP
GPSPTRRSQSEHQRLK,Non-CPP
EYGFKTYAVLGGATG,Non-CPP
VVLPYRDRLQVFS,Non-CPP
LRPVMDNQNIRIRLKAYDHRVLDNSTKEIVNTA,Non-CPP
LSKFKDKIKISYEKEVKKEEMKYFKFLI,Non-CPP
CNGEISERVKDARALATC,Non-CPP
LHMEDSLKHRVVGQDH,Non-CPP
IPFVLNLDSPDSMYYGHDMFPNRMYRRLHS,Non-CPP
AKEVKPDDEEVLLKAAMTAIT,Non-CPP
KFLWDVGHQSYVHKILTGRAKEFGTLRQYQGLCG,Non-CPP
RPIPRPQAPRPGAPRPGAP,Non-CPP
RSKRTLGLGSLYGENDLLGL,Non-CPP
VKLYSFNLGGLFFLCCTSLGVYTV,Non-CPP
RRLAAGIDLGTTNSLVATVRSGQA,Non-CPP
SGKGSIQFAGQPLEAWSATKLALHRAYL,Non-CPP
PEVLEGASPTPASDVYS,Non-CPP
QRTIAMAKQMFRAL,Non-CPP
ADDDIPFMSDYDETALVCDN,Non-CPP
KTSGDPIRRRNFVDKEDD,Non-CPP
LSADEATARKVGARHGSPVILTVKAQEMAKR,Non-CPP
YLLSVLQFINVMITLYQSIYDLPFHSIWWLF,Non-CPP
WKRRFVQDATVAEM,Non-CPP
LQQQECKLLYSRKEGQRQENKN,Non-CPP
YISPEVLKSQGGDGYYGRE,Non-CPP
FCPLLMSFLITQKTSETLTAVLAGGWLGLI,Non-CPP
PLLEEYYDPMYRYQL,Non-CPP
LRGDTNVGWLHDNNIHIWDEWADENGDLG,Non-CPP
KQVFSKTSGEFLRVAHREHTSHGYLARVISS,Non-CPP
DQLAAADKKDSNLIGQFGVGFYS,Non-CPP
ATIDAVDVAVDELRQVIEQAGYRATAHAESAVE,Non-CPP
DELDRDGKLPSWLLRADSVAQEITHIDFNRLG,Non-CPP
DSNGAAANAVRLSLDSITQRWDNLVARIE,Non-CPP
AREENLGITKDFLTFMKRLFCNPIYMLFIL,Non-CPP
CSSCFCLCCPRHRPVSRLAAVVGGAAAV,Non-CPP
SSASALGRRAGPLDGLIGEIDRALRVLSG,Non-CPP
SYCGHGIHKLFHTAPNVPHYAKNKAVGVM,Non-CPP
IAINGVVRFVGAPSREELFEAINDEMEMVHAEA,Non-CPP
MDLGELVGMTPEIIQKL,Non-CPP
ITLNFLMNLLKTQLKGDRVLAGKEAV,Non-CPP
SAMRLCLPSFDKLELLECI,Non-CPP
LGQHPIPAELGRILVDKLGLDESAVPVLAA,Non-CPP
LNDALSQLVGQQV,Non-CPP
GGQMPLYRRLPKFGFTSRKAMIT,Non-CPP
LEVKIPAGINEGQRIALR,Non-CPP
PISSSSNVTEAIQTNITSVAAVAPSPPP,Non-CPP
VGYPLLWSPSPEEEA,Non-CPP
YFTTVGRALSSNLVPLWDSATGKAASFVTSFSF,Non-CPP
TFTDYVDRFNSV,Non-CPP
VALQQKQRSALFVAQMAKSLGAQGAIVAEEGYGN,Non-CPP
SVTILNNHLTLASMMPIVLLVFAA,Non-CPP
DISEAPIGPRSVVATSPDKLGECQWELE,Non-CPP
DQKIDVVAAAEAR,Non-CPP
CRRALKETGLNRLVVAG,Non-CPP
QASPPAAADHSRTPS,Non-CPP
ALFSFVLPDNVDVDDQRRKT,Non-CPP
LGAGGIREIEF,Non-CPP
ADASAGPAMTAEQCAQAIANGREV,Non-CPP
GKYRIIDFALSNCLNSGIRRI,Non-CPP
FFNDLVEFMTSGPVVVMVLEGENAVAKNRELM,Non-CPP
AYGGVPVIITSGY,Non-CPP
GDRDGNPYVTAQVTKEVLDHGRWMALDLYGRDL,Non-CPP
VQGKALSYNNIADTDAALECVKEF,Non-CPP
VFDKYHLLPRHISQLYEMFLEG,Non-CPP
MMDDGTEPNVATVL,Non-CPP
TRGSTDDISIVIIQLQQFSRMSREEDEKLLFP,Non-CPP
KKHTLGEVWVQKTSEMNTD,Non-CPP
PAEMPTINQLIAKPRVLQK,Non-CPP
SYGIDKETTIHLTLKVVKPSDEELPLFLVE,Non-CPP
QLASILYFTLIIVLMPLAGMLEDNM,Non-CPP
AGFGDDAPRAVF,Non-CPP
RETGAAAVKIEGGVEIAQTIRRIVDAGIP,Non-CPP
MTAIYLEKEFGMPYVSITPMGIADI,Non-CPP
TILVHSAWAKE,Non-CPP
IGSIDNEKNGVNKAYDLPFYC,Non-CPP
MHQEYLQGLATNAGHPMSLTHHQWLPNPASDW,Non-CPP
AYVNKIKRNKISLNHSSTHLLHYAINC,Non-CPP
VFTFFLQLEGFTLGVKDILVTDVADRK,Non-CPP
RDGLFCARIFGPTKDYECLCGKYKRMKYKGII,Non-CPP
IGCSRGRFGLQCKQNCTCPGLEFSD,Non-CPP
KNRRTGDAVEVHIDNLQETIQSIYASFESMS,Non-CPP
PDWRFMESKEKDRQVLEDFPTISLEFRNLAEK,Non-CPP
DFHAVIGQETRAQA,Non-CPP
EIELIPCSRVGHIFRNDNPYSFPKDRMKTVER,Non-CPP
EDMAPAGAGALMAMLEKRRAAL,Non-CPP
GTSNVHLARQLDLKPLGTMAHE,Non-CPP
PQDELVELLWRDGQVVLQSQ,Non-CPP
RMETSTVLKDLKPETEYVVNVYSVVEDEYSEP,Non-CPP
KRDYNADIVADIRKVKRGDTCPRCKK,Non-CPP
NFSQYFFSFWTQPQRIR,Non-CPP
ATGKPHTLWVA,Non-CPP
SLVADNCVTLVWRMPDEDSKIDHYVLEYRRTNFE,Non-CPP
VLGRITDWRQCHDRVLS,Non-CPP
ANQYFGTAPFYRKRKAFETPSSGKMTHVRFDYSK,Non-CPP
AEVGTLITALGCGIGREEYNPDKLRYHKIV,Non-CPP
NSASIAAILTIIGY,Non-CPP
GYATNLLTYANNIHTYEGGTHE,Non-CPP
EGVEMVKKNLEKWL,Non-CPP
LNGQRKNSRDRNSKRQTELEQPKPRTDSKNENH,Non-CPP
EKLLGQLRTDLTMNKIIVGLSGGVDSSTAAAILH,Non-CPP
AYGRAKNKPFESGVDSVGNARLRFSAKFYLVAMF,Non-CPP
IRIGLALNCSITPWGRFA,Non-CPP
TLFVPQHILMTSAPNTITVLELERAPCSSDGPE,Non-CPP
AHQIEPICIGSLETPTSTANVVLCMAKPLSISS,Non-CPP
LHEAVMLEIYRQALSASELTSPR,Non-CPP
VLDHMSGVDFKRFMHMSE,Non-CPP
RELAKAEKLSLEEGGKDARGLLSGLRRRKRPLSW,Non-CPP
KIITMAAKEGGLDPDMNPKLRTAILNAKAQNMP,Non-CPP
TGIEDKEAWHGKPLPKNMAE,Non-CPP
DTNKSKVTVRIGAENPL,Non-CPP
KSGQYFLPQFNTRKISIENY,Non-CPP
MVRVAGIKAQVREGITERSPDGL,Non-CPP
EKVYPGLLAASVEWFRNYKIPAG,Non-CPP
MMVIRSLSLIRLEGVEGR,Non-CPP
DGQITPNEAFQNAL,Non-CPP
PPVGVQAVALTHEAVRVSWADNSVPKNQKTSD,Non-CPP
DKFENMGAQMVKEVSSQTSD,Non-CPP
IVDNVQQGNRDYPAIEAQSSQ,Non-CPP
NVPANEFLNLEGDKISTSRNWAVWLNEYLV,Non-CPP
QQSLCFRAFKDDKSIFVEA,Non-CPP
VACKEYGQRIVLGLDARDGKVATDGWA,Non-CPP
GHSADSSRQSGTRHTESSSRGQAASSHEQARSSA,Non-CPP
IKNLYLNHNRIESILPQQKSQ,Non-CPP
VPCYFIYGNRDFLIGSRFCQETGMTLLPEHTVI,Non-CPP
TESENDTLSESSTTSISSSPSENSDTSDDLTKVD,Non-CPP
ARETLADDPRCTVLGAELAELPRLLAEQGLA,Non-CPP
VNEIIEAFRARFDARVELAETVQETENFLVNR,Non-CPP
DQETIMRAATGGNRMFQH,Non-CPP
TFDHNLKLIKSAGIKEGLDLNTAL,Non-CPP
PKGYGRVVLENHQVKKIVEEKDANDEEKE,Non-CPP
DLGADSLDTVELVMAFEEE,Non-CPP
KTTLKLSLADENDFHLLNEQNQKIRIKSDT,Non-CPP
GEEALSSEDLLYLEF,Non-CPP
MRERDAARRATVPEINLFKARRDVVPNGDYERD,Non-CPP
KDKLSLITATDEKFTAAVI,Non-CPP
EDFLQAMEYAMPPTGGLGMGVDRVVMMITGRSIR,Non-CPP
IQPKLLGKAKRIIDAAGRYIEFCKGTF,Non-CPP
SPLVEKQSVPAKEEEMQQPESTE,Non-CPP
LLEGLKLMALEHKVLLTGTPLQNSVEE,Non-CPP
DITIKKAVELITSTATVKMEIKFTIKQVVA,Non-CPP
LSELEQMWLTELPAVTSREM,Non-CPP
DNNEINLNIKVTDFGLAV,Non-CPP
GYHTEPDIYTK,Non-CPP
TVPQGGMEMWLLYLLVPAMFCRAGG,Non-CPP
LEEAGILRAGPGGPDQQWPTVSSAT,Non-CPP
RYRNIEPQAINEVEVIEEA,Non-CPP
PDKMRWDKCRYYHDRYTTT,Non-CPP
KEPEALEASPVEVRVAGRVMLKRVMGK,Non-CPP
LRQAKWIKPKVNQPSLCFN,Non-CPP
DVDGFPTSQATSPEPGKKDEEAKAPFKSTLFH,Non-CPP
GGDPIPGSNFIDILKLFQEDPQTEAIVMIG,Non-CPP
ALHLIPSGILTPGVTNVIGNGVVVD,Non-CPP
LKVDKQANPTTDKDKSSKNDKGSQ,Non-CPP
TGCRSVCSHVVRNGDITFILTSPLRS,Non-CPP
LRHWTPAEIRIPIYVMIIASVVSAVQMLINAYAF,Non-CPP
WQLWQQVRPNNHSHLHAISVEKFPLSKADLIRA,Non-CPP
PVIKDSGFKITAMPEIKIEEIVAEDDEGLAASDK,Non-CPP
PKDAAPGTIRGDFGLEVSDAIC,Non-CPP
GTAKKGDVLGVARVAGI,Non-CPP
THIPNAWQEPQVVYKMKLRNVSKNN,Non-CPP
YFHGWPNQELKLSIKLYYMCQCGFYVYGVAALL,Non-CPP
ALQRDYEAGAGDKEKKPVCT,Non-CPP
ILPTMGGQTALNCVLDLDNH,Non-CPP
RIEPDCQFSKLCGGC,Non-CPP
NTDDRDVIRYLKYFTFLSKEEIEA,Non-CPP
RVIASSDLVWP,Non-CPP
FYNRNPPARKEAYGDISERKLLRERLRCKSFDW,Non-CPP
LLYGVFRFIVEFVRV,Non-CPP
RVLAYLLDKNLPKEQQE,Non-CPP
HNFAPLKNDRLLKALRFEPIDTTPVWMMRQAG,Non-CPP
FKQVGLSHGAQLFLGFEDQ,Non-CPP
SESRRTQALILKQAK,Non-CPP
LIELSGALESVVKQ,Non-CPP
RFHHQFTDSDRDPHSPIEGFWFSHVFWIFDTSY,Non-CPP
EALHLLSSMVQYMACVTPESFVWNDLS,Non-CPP
DATTITECLHTFCKSCIVK,Non-CPP
RAGIPEAFVSLG,Non-CPP
EKVEQQKLRREYIDIIKGNV,Non-CPP
KSPYSIDVNLLGRSI,Non-CPP
TIGDAIEAIENGVPIDMVQIDLTRTW,Non-CPP
ELKRLKIEAVKPDLILALEKKEEL,Non-CPP
GGYAIADVIGGE,Non-CPP
YLHATLFLIGEYLHLAFYY,Non-CPP
TGRRISATAEDGNKF,Non-CPP
GASEHTHGRLCEAVGLSGGVLSQTLARIM,Non-CPP
VTTSSDPVIQELAEKDE,Non-CPP
HCHSMFQIALSSRVAEWDSTEKIGDLFVASFSKS,Non-CPP
TDTLKHFLKLEYEKGEKNMEIILLTDISNKGK,Non-CPP
VELFRHHYNIPLVHVDASKQFLGELAGVTDPEMK,Non-CPP
HEKGQPVLVGTVAVETSEYLS,Non-CPP
NSPLFGTDGIRGKAGELL,Non-CPP
EFTHNHTVGDLTWD,Non-CPP
RAEELAKLFAHTGSIQALGMDELEGHE,Non-CPP
PRKQRRERTTFTRAQLDILEALFAKTRYPDIFMR,Non-CPP
ELRKKTGVGIMDAKKALVASDGNVEEAIDALRE,Non-CPP
FSKYCNSSDIMDLFCIATGLPRNTT,Non-CPP
SSSAKLASTSRNGPESSILDPHHSVMELL,Non-CPP
EIGAGFDSVTQRGSEHGDELTPQGFLSNHS,Non-CPP
VRAKAAAKGRTVRFGIRLHVIVRETTE,Non-CPP
IMEDIIRIIQDGSLDGEKYFQSLKERQGKENAEI,Non-CPP
QSLPSLRHLQLLPSP,Non-CPP
LENFFCILEVKPQFPE,Non-CPP
RDRTGTGGGAPCKSESDGNPTTEDESSRSP,Non-CPP
IAQEQKRMMEDFNNEVNMPNN,Non-CPP
TEKASRIGAAEKASRGDQES,Non-CPP
TVDMATLGVAAGWDDVAQTLAASLIANID,Non-CPP
QFMDQNNPLSEI,Non-CPP
VGKLRGAKGECHLAVADLEAFSQGL,Non-CPP
VEKRGTKNWRPEYMHSATNMSVDAYT,Non-CPP
EGEIKIDVERAVEWILKGAQPSDTVRDI,Non-CPP
IRGQQQLRRPLVGDAGEGAG,Non-CPP
VFMGMGEPLLNLKEVI,Non-CPP
FSKEQVEDFVQRYQDIEKE,Non-CPP
AVINSKTGLWKVTRNLDDDD,Non-CPP
QKLKKMNLKNTIKKDIQDALIKIAIINCDP,Non-CPP
NAHFDLNFLNAAVTRTAYKRNPFHQFSVFDTVT,Non-CPP
QTPINDENNNNKSSMVLPDLNEPTDNN,Non-CPP
EEDAAFILKWYSYEK,Non-CPP
GYINASAEGVSIRTGLELSRDPAGRMK,Non-CPP
ESIFGVKVDKVNIMNYKGKSKRVGRYTGMTSR,Non-CPP
AQNESPTLQSNEW,Non-CPP
DDLRINLWNFEITNQSFNIADIKPANMEELTE,Non-CPP
DESHVTLPQVRGMYGG,Non-CPP
PGAGGFQISNPSAIDLACLCAALSVF,Non-CPP
TLPLIEQMMACRETMTSSE,Non-CPP
KTADLINLQHYVIKEKRLSERE,Non-CPP
YFKRYQVKFKRRREGKTDY,Non-CPP
VVTTAKTDDEGRALLKALGFP,Non-CPP
VDATGDIDIDFHHTVEDIGIVLGQALKEALG,Non-CPP
AAAGVVYLYDGTYEDACHAIQNMAGDAAGMIC,Non-CPP
FEVLTKVLQEEPPLLPGHM,Non-CPP
LPRHIRTHTGEKPYECNICKVRFTRQDKLKVH,Non-CPP
TAAVERELIGLDMSRARRAK,Non-CPP
SIGNPHCVMLVEDVNTVDVSSIALRIQ,Non-CPP
LLIVYPWTQRFFTSFGNLSNAAAIQSNAQVKAHG,Non-CPP
SGDFLRNAKLSIMHTPSARPSKTDPLG,Non-CPP
AVKYDDGRDPRGLLQADIVLVGVSRTS,Non-CPP
PARVRPGEIVSTAGEVLGRHDGVH,Non-CPP
HGVSIFCGIGERCREGEELYRDM,Non-CPP
GRLAMVGFMALLLELITGYGPLHFAGLLMII,Non-CPP
MLAKEGRLPDAVIACVGGGSNAIGMFADFIDEKN,Non-CPP
MTILQFGNGIRRLMNRRDFQG,Non-CPP
SGIEEELQKRLEF,Non-CPP
VNMSSFFLMLVYYVTY,Non-CPP
LQDISRAGKNVFRNV,Non-CPP
YDEALGRLESPRHRGSSPRRVLDVEVYSSRSKV,Non-CPP
REVRNFLISNALFWMRYFHIDG,Non-CPP
EGLLSEMLPQHAAKMNLML,Non-CPP
LVTGGKESLYWRVVAADFVTTDSGSGLVHL,Non-CPP
NKKLFSFTKKYDNKTLFAALNFSS,Non-CPP
QYRVFRCELPDPNKFALIDTTLYNSDTER,Non-CPP
ELEDKKHKIGSIPPKRELEHWCTHGKY,Non-CPP
QHFGGSLKGTLTLTAGLGGM,Non-CPP
ANRRKWEELHQKRLQVSAASPVPSSPSP,Non-CPP
HTCRRIMDMVSNQHPWFGMEQEYTLLGTDGHPF,Non-CPP
ANSGKQDLRSTVAMQYDQTTTFAAKLK,Non-CPP
EVKLSSEFWYFVGSEKALDAATVEKLQAL,Non-CPP
SNFLRGKLKLYTGEACRRGDRMQFASFI,Non-CPP
AYFKFQENRPPFPPEDWVMFLGL,Non-CPP
KLTSVEARVLPAPWLKYH,Non-CPP
SIGDSHIGILEQLKAW,Non-CPP
MAMPGEPRRANVMAHKLEPASLQLRSCA,CPP
QYVNRDKEHCNKN,Non-CPP
DMGNRMMHCFTDNASRDGFHINWTSVLHPARCE,Non-CPP
QNDWQSVPLHQNYKKTPTQVY,Non-CPP
QLCGTGRITYHPFCAGDWC,Non-CPP
VQQLQWYQNNLVENF,Non-CPP
RNVLFMEHNEKSCTG,Non-CPP
DQEFRRENS,Non-CPP
CACMKGMSYG,Non-CPP
KNIEATSIDSLMCRWRSKVGVGCLYRFYIRT,Non-CPP
AEYQMHAWSPMCYSPTEWKYYIWDMMS,Non-CPP
PRKNDFAMSSCPAKVAGPTF,Non-CPP
IMGIKYWAFMFPQANSAPCTYQ,Non-CPP
CPTFQYFPHDIVLQSTNYVSADEASLRI,Non-CPP
DRTHPIT,Non-CPP
DFFGKMIFHHSDAIFPLRNQDEERMD,Non-CPP
VCMCWQQGHRIEYNRGKRNLFKSLHYYYVTW,Non-CPP
KFVYKEFMQNPDPKEARHCNPHDD,Non-CPP
DICGTWDTLDL,Non-CPP
SEKFCCVY,Non-CPP
YFQDNMA,Non-CPP
SQIWVIRLTWAVQMTDFMHDMQQ,Non-CPP
YGAGLN,Non-CPP
CWGGCRDWFCNT,Non-CPP
PNWVDLT,Non-CPP
TCCCNPEIHCLSHHH,Non-CPP
TPFFLFQQDTYMSHY,Non-CPP
QFHVHTDGYHNHNLVNMTRIT,Non-CPP
LASTFWLIMNLVGSWISL,Non-CPP
TMVEPFKLCFD,Non-CPP
TTWCLHRMGSCHV,Non-CPP
WKATVPWCEFSDEMMSHSARP,Non-CPP
MPYQPKYFLQYICN,Non-CPP
PMGPCSFARYCQDMGWRYDNPGRFNGKAKLF,Non-CPP
GGLTVYNQATR,Non-CPP
FNKIRGMPSWRDWFWKSPAVFNFISQQIAN,Non-CPP
HFADGKVVYTKLMTWKTQDL,Non-CPP
RFGFFPMDQPGTGWT,Non-CPP
HGLNIHYVFLWHI,Non-CPP
VPTCDFQHSCFTTNRYEASDHKAIEHP,Non-CPP
MRYDQHYPLLPLDHRYWEIINFLMYMTTEQCTSW,Non-CPP
VWCIRSWKITS,Non-CPP
AVMITN,Non-CPP
YGLFSHCFQCSIMPTGL,Non-CPP
PLDLPCRYKNQSLHKWLMKRLYMVRW,Non-CPP
SMTLRQCHNPSHLTAFGWHWNMFL,Non-CPP
ITQVGRHWHNWFVGVPTAAVKIYGTDA,Non-CPP
TNRSK,Non-CPP
VCWAHCIIALWMYNFCFP,Non-CPP
NVEAIKMWWFFLARTDK,Non-CPP
NGERPEVLPDTSPWWWLWVIMSQPRHVWSF,Non-CPP
EMMSRTKMWITQKYSTFF,Non-CPP
QRNFKA,Non-CPP
REERFDCEYRPDHLQVSEITVDWRMK,Non-CPP
TLISLFWWMESWEQTVNPPMSRIFREPKMPFEE,Non-CPP
MLVDEQVSRKRHAGKRPKMH,Non-CPP
TGRWGEDCEDQNSARLMVP,Non-CPP
VVRNDQGYVDDQSPCEKMKVTKKTLTLQG,Non-CPP
RVREQQAMCHLVWKSFDEDLD,Non-CPP
KHVNVTHDKMRHCQPD,Non-CPP
WCFYLIHVMWWRMGDGQWFCISWDDSYKR,Non-CPP
HPTIIVAFAGIWSYQCWCPEE,Non-CPP
DIIIKMRHWPVAKLFVPPERDNAYWFCHYYCR,Non-CPP
MNARIALAPMFRRRRYN,Non-CPP
MLTPSLEWTKKWV,Non-CPP
LEIHYQEPWLNMM,Non-CPP
EGFRKGHELCHYCKM,Non-CPP
PTVEHISGNQIAICSWWRRVCITLKHHPYIEHGN,Non-CPP
YFWDDFRYDIFMERVVMHF,Non-CPP
VNYEEKWVHAKCHHIHVHNYDASEWKSETYCSHP,Non-CPP
CCNHMCTGINVPYSKSTVNEEHQNYL,Non-CPP
GWTKNSAGYLLGPHAI,Non-CPP
RQIKIFFQHRRMKFKK,Non-CPP
IAARIKLRSRQHIKLDHL,Non-CPP
KKLSECLKHIGDELDS,Non-CPP
FITKALGISYERKKRRQC,Non-CPP
LLGKINLKALASLAKKIL,Non-CPP
KKLSECLKRISDELDS,Non-CPP
LNSAGYLLGKLKALAANAK,Non-CPP
PVVHLTLTQAGDDFSR,Non-CPP
EILLPNNTNAYESYKYPGMFIALSK,Non-CPP
GWTNLSTGYLLGPPPGFSPFR,Non-CPP
KKLSECLDRIGDELDS,Non-CPP
FITKALGISYDRKKRRQC,Non-CPP
LLKTTELLKTTELLKTTL,Non-CPP
FITKALGHSYGRKKRRQC,Non-CPP
CYFQNCQRG,Non-CPP
KIWFQNRWMK,Non-CPP
FVPIFTHSELQKIREKERNKQQ,Non-CPP
CTFQNCPRG,Non-CPP
LLGKINLKALAALAKQIL,Non-CPP
RPPGFSPFQ,Non-CPP
RPTGFSPFR,Non-CPP
QNLGNEWAVGHLM,Non-CPP
GWTLYSAGYLLGKFLPLILRKIVTAL,Non-CPP
FITKALGISYGRKKERQC,Non-CPP
KKKQYTSIHHGLVEVD,Non-CPP
TERQIKFWFQNRRMK,Non-CPP
LNSAGYLLGKLKALADLAK,Non-CPP
DFDMLRCMDGRVYRPCWQV,Non-CPP
PVVHLTLRWAGDDFSR,Non-CPP
LNSAGYLLGKQLAALAKKIL,Non-CPP
LLKTTEALKTTELLKTTE,Non-CPP
KLALKALKARLKLA,Non-CPP
LLGKINLKALQALAKKIL,Non-CPP
GWTLNSAGYLLGKIRLKAPAALAKKIL,Non-CPP
TERQIKIWFQNRRIK,Non-CPP
GWTNLSAGYLLGPPPGYSPFR,Non-CPP
LLKTCELLKTTELLKTTE,Non-CPP
KLALKALKAALKMA,Non-CPP
IAARIKLRSRQHIKDRHL,Non-CPP
DFDMLRCMLGRVYRPAWQV,Non-CPP
LLETTELLKTTELLKTTE,Non-CPP
TERQIKIWFLNRRMK,Non-CPP
AHALCLTERQIKSNRAMKWKKEN,Non-CPP
CYFQNCPRF,Non-CPP
RQIKIFFQNRFMKFKK,Non-CPP
FITKALGISYGRKKRRQH,Non-CPP
FVPIFTHSELQKIREKERNKRQ,Non-CPP
FVPIFTHEELQKIREKERNKGQ,Non-CPP
LLGKINLKALAALAWKIL,Non-CPP
AHALCLTERQHKSNRRMKWKKEN,Non-CPP
QNLGNQWLVGHLM,Non-CPP
ILRRRIRKQFHAHSK,Non-CPP
GWTLWSAGYLLGPHAI,Non-CPP
RQCKIWFQNRRMKWK,Non-CPP
QNLGNQNAVGHLM,Non-CPP
EILLPNNYNAYQSYKYPGMFIALSK,Non-CPP
DFDMLRCMLMRVYRPCWQV,Non-CPP
LNMAGYLLGKLKALAALAK,Non-CPP
ATAPTTRNLLTTPKF,Non-CPP
TIELSNIKENKCNGTDAKVKLIKQELDKYKNAVTE,Non-CPP
DMELKPANAATRTSR,Non-CPP
DNVKFLKVKKDPQNPKKQEVMEATVTCLLEGGF,Non-CPP
TPGSKISVIRSKRVIQANTISSCDIIISD,Non-CPP
KIPLELWTRYNMTINQTIWN,Non-CPP
DVMAVSTCVPVAADN,Non-CPP
QRRNQLHDLRFADID,Non-CPP
SNGSAECTGEGGSKEVVGTFKAKDLIVTPATIL,Non-CPP
LLILTCLVASAVAMPKFPFRHTELFQTQRGGSSSSSS,Non-CPP
CVPADINKEEEFVEEFNRLKTFANFPSG,Non-CPP
YGYREGSHTEHTTYA,Non-CPP
KQRNRWEWRPDFKSKKVKISLPC,Non-CPP
PNDGHDHPEKKDPDTTPKQVAGV,Non-CPP
ILKEQRQKGSASTLSSNGILDLKPVSEDNFYKWTAKL,Non-CPP
ESGEGLGRKKS,Non-CPP
ALLASALCTFVLPLLLFLAAIKLWDLYCVSG,Non-CPP
SVSVGTKPRPRP,Non-CPP
KPPCRGCSSYLME,Non-CPP
NAQMSEDSHSSSVRSQN,Non-CPP
GLIQTIKEKLKELAGGLVTGIQS,Non-CPP
RRSPSPTPTPGPSRRGPSLGASSHQHSRRRQGWLKEIR,Non-CPP
CYSRPLVSFRYEDQG,Non-CPP
LDIVKKVVGAFGSL,Non-CPP
REHLREQSRKPPNPT,Non-CPP
RVDLGDCIGKDARDA,Non-CPP
DPKLKWIQEYLEK,Non-CPP
LRDIKAENTDANFYV,Non-CPP
RNSYRKSPSRRNR,Non-CPP
LKLKLKLKLKLKLKLK,Non-CPP
INAKGVCRSTAKYVR,Non-CPP
NLTETHNFSSTNLD,Non-CPP
NDTFSVSDNVAVIVPETDTQVTY,Non-CPP
IDRLITGRLQSLQTYVTQQLIRAAEIRASANLAATK,Non-CPP
RGGRLTYTRPRFTVTVGR,Non-CPP
HNNYKKNDELEFVRTGYGKDMVK,Non-CPP
CKWEEAKVKFHCQRTQSQPGSW,Non-CPP
FQSFHIVILGLDCAGKTTV,Non-CPP
QYVLSRYPSYGINYYQHRPVALTNSQF,Non-CPP
HLSSSRSPSASDLPQEELVDQKCLLQKYTHRSCNKVF,Non-CPP
LLATVSGYFVSIDAHAEECFFERVTSGTKMG,Non-CPP
AVLVLVFILSSLVFLSLWRQSSERRKLPPGPTPLPII,Non-CPP
LPGGGASLGAAREHVQAVTRNYITHPRITYRT,Non-CPP
PQMELRRNGRQCGMSEKEEE,Non-CPP
WEVGNYKRTVKRIDDGHRLC,Non-CPP
LQARILAVERYLKDQQQ,Non-CPP
SKVARSLAKYHPRVNHHRHC,Non-CPP
VEGQLGENNELRLTRDAIE,Non-CPP
SCWALLGTTFGCGVPAIHPVLSGLSRIVNGE,Non-CPP
ERVFAAEALLKRRIRKGRMEYLVKWK,Non-CPP
MDRIFARRYNATHIK,Non-CPP
VLGHLAGRPESSSALQAAPCSATFPQASAS,Non-CPP
TLVDCIRNCIHKILGYTVIA,Non-CPP
FRLQAFPPALCRPLSCAQEVLRR,Non-CPP
VFLQVCIEASGWGAEVRDSCGCGDSSSHQTDDPATA,Non-CPP
DESLESTRRILGLAIESQDAGIKTIT,Non-CPP
MMSFLPYFSAETWTLLALLITLIVVYGYWPYGVFT,Non-CPP
MYYKFSSFTQKLAGAWASEAYTPQGLKPV,Non-CPP
LFGLIPSLIGGLVSAFK,Non-CPP
QQLSSLSTQQTTLLLLF,Non-CPP
VRRFPWWWPFLRR,Non-CPP
EPCTVGHRRYFTFGG,Non-CPP
EELNASGETVESLSSSEESITHIS,Non-CPP
QTQTCEAEKCEMV,Non-CPP
KSKTEYYNAWAVWERNAP,CPP
RRRRRRRRRGPLGLAGEEEEEEEE,CPP
GAFSWGSLWSGIKNFGSTVKNYG,CPP
LGQQQPFPPQQPY,CPP
ILGKLLSTAAGLLSNL,CPP
RRIRPRPPRLPRPRPRPLPFPRPGPRPIPRPL,CPP
RRRRNRTRRNRRRVRRRFYGPV,CPP
EIWIAQELRRIGDEFNAYYARLLC,CPP
GGWPRPGPEIPP,CPP
RAGLQFPVGRLLRRLLR,CPP
RAGLQFPVGRLLRRLLRRLLR,CPP
RLWRLLWRLWRRLWRLLR,CPP
KWKLFKKYGRKKRRQRRR,CPP
KLKLALALALA,CPP
ACGLSGLGVA,CPP
ARLLWLLRGLTLGTAPRRA,CPP
STSGTGKMTRAQRRAAARRNRA,CPP
GPGLWERQAREHSERKKRRRESECKAA,CPP
CPYVNQRPQKARYRNG,CPP
CWRRRRRRRRK,CPP
GTKMIFVGIKKKEERADLIKKA,CPP
DRQIKIWFQNRRMKWKK,CPP
ACKTGSHNQCG,CPP
GRVEVLYRGSW,CPP
GRVRVLYRGSW,CPP
KIKKVKKKGRKKIKKVKKKGRK,CPP
CVKRGLKLRHVRPRVTRMDV,CPP
YGGFLRRIRPKLKWDNQ,CPP
HGLASTLTRWAHYNALIRAF,CPP
GYNYAKKLANLAKKFANALW,CPP
HHHHHHRRRRRR,CPP
HHHHHHHHHHHHHHHH,CPP
GLFGAIAGFIENGWEGMIDGWYG,CPP
GKCSTRGRKCCRRKK,CPP
WKKIWSKIKKLLK,CPP
IKKWWSKIKKLLK,CPP
MAAWMRSLFSPLKKLWIRMH,CPP
GLFEAIEGFIENGWEGMIDGWYGC,CPP
KHKHKHKHKHKHKHKHKH,CPP
PLILLRLLR,CPP
IWLTALKFLGKHAAKHEAKQQLSKL,CPP
DLIWKLLSKAQEKFGKNKSR,CPP
KKLALALALALHALALALALKKA,CPP
HYRIKPTFRRLKWKYKGKFW,CPP
LAGRRRRRRRRRK,CPP
HIITDPNMAEYL,CPP
SGSDGGVCPKILQRCRRDSDCPGACICRGNGYCG,CPP
CPKILKKCRRDSDCPGACICRGNGYCGSGSDGGV,CPP
MFKLRAKIKVRLRAKIKL,CPP
MLWSASMRIFASAFSTRGLGTRMLMYCSLPSRCWRK,CPP
ELDKWASLWNWFDITNWLWYIK,CPP
AFLGWLGAWGTMGWSPKKKRK,CPP
LPKQKRRQRRRM,CPP
AVALVAVVAVA,CPP
MLSLRQSIRFFK,CPP
KGEGAAVLLPVLLAAPG,CPP
VKKKKIKAEIKIYVETLDDIFEQWAHSEDL,CPP
VLTNENPFSDP,CPP
ITFEDLLDYYGP,CPP
YGRKKRRQR,CPP
PLPRPRPLPRPRPLPRPRPLPRPR,CPP
FLHSGTAVTCTYPALTPQWEGSDCTHRL,CPP
CTVALPGGYVRVC,CPP
RARRARRARIKILFQNRRMKWKK,CPP
RARRNRRARYQFLIRARNRARN,CPP
RRRRKSLHRSLQDS,CPP
YRRRRRRRRRHAHAHH,CPP
RRAARRARR,CPP
RRHHRRHRR,CPP
RRLRRLLRRLLRRLRR,CPP
YTIWMPENPRPGTPCDIFTNSRGKRASNG,CPP
GGGGHGAHEHAGHEHAAGEHHAHE,CPP
ACTGSTQHQCG,CPP
HHHKKKVVVVVV,CPP
CGISYGRKKRRQRRR,CPP
CFITKALGISYGRKKRRQRRRPPQGSQTHQVSLSKQ,CPP
GRKKRRQRRRPQKLLKLLLKLLLKLLK,CPP
SYWYRIVLSRTGRNGRLRVGRERPVLGESP,CPP
TKDNNLLGRFELSG,CPP
CKRGARSTA,CPP
INWKKWWQVFYTVV,CPP
MAVPPTYADLGKSARDVFTKGYGFGL,CPP
FWIGGFIKKLKRSKLA,CPP
FKIKKFIGGLWRSKLA,CPP
FKIGGFIKKLWRSKLA,CPP
RLIKTLKTLLQKRKTL,CPP
YWLKLLKKWLKLWKKLLKLW,CPP
MIIYRDKKS,CPP
RGDFK,CPP
QIISRDLIS,CPP
RRWFRRWRR,CPP
YRIKPTFRRLKWKYKGKFA,CPP
RSRGRLRRGAIRLQRG,CPP
KKWKMRRGAGRRRRRRRRR,CPP
ATKSQNINF,CPP
IVQQCTSGICSLYQENYCN,Non-CPP
GIACGESCVFLGCFIPGCSCKSKVCYFN,Non-CPP
LGQGSFRPSQQN,Non-CPP
WLSKTAKKLENSAKKRISEGIAIAIKGGSR,Non-CPP
GVLSNVIGYLKKLGTGALNAVLKQ,Non-CPP
CGETCVTGTCYTPGCACDWPVCKRD,Non-CPP
CKSKGAKCSKLMYDCCSGSCSGTVGRC,Non-CPP
KPSPDRFYGLM,Non-CPP
GLGDILGLLGL,Non-CPP
GGCRIGPITWVCGG,Non-CPP
GLWNKIKEAASKAAGKAALGFVNEMVG,Non-CPP
SCIALTLVLVANSAPTTSSSTKETQQQLE,Non-CPP
GLISGLLGVGKMLVCGLSGLC,Non-CPP
QPSYDRDIMSFG,Non-CPP
FFPMLAGVAARVVPKVICLITKKC,Non-CPP
YVSQRLCGSQLVDTLYSVCRHRGFYRPND,Non-CPP
HIGPNPVYSAVSNTD,Non-CPP
SPVDYDRPIMAFG,Non-CPP
KGAAKGLLEVASCKLSKSC,Non-CPP
FLPAVIRVAANVLPTAFCAISKKC,Non-CPP
GLFDIIKNIVSTL,Non-CPP
FLPAVLRVAAKVGPAVFCAITQKC,Non-CPP
DCLPGWSVYEGRCYKVFNQKTWKAAEKFC,Non-CPP
MMRDSGCFGRRLDRIGSLSGLGCNVLRRY,Non-CPP
SDPSVPVEPEDDDMVDQ,Non-CPP
SEAAALPRASAAAMSCVAEPECREG,Non-CPP
SSSMYDRDIMSFG,Non-CPP
SWPVCTRNGLPVCGETCVGGTCNTPGCTC,Non-CPP
IIYRDLIS,CPP
AWRRKLKALAPAKKAKV,Non-CPP
GNNRPVYIPQPRPPHPRI,Non-CPP
QGLPPGPPIPR,Non-CPP
CKGKGQSCSKLMYDCCTGSCSRRGKC,Non-CPP
FLPLVTMLLGKLF,Non-CPP
VTMVEAGFGCPSFPSPRDSHCRGMGR,Non-CPP
QRFSQPTFKLPQGRLTLSRKF,Non-CPP
GSSFLSPEFKKIQQQNDPTKTTAKIH,Non-CPP
GLLSGVLGVGKKVDCGLSGLC,Non-CPP
